Headword,FullFormDisplay,FullFormNormalized,PartOfSpeech,NotesForeign,Meanings,NumberOfMeanings,NotesNative,MnemonicHint,PronunciationText,AudioUrl,ReferenceBook,ReferenceSection,Exercise1Front,Exercise1Back,Exercise2Front,Exercise2Back,Exercise3Front,Exercise3Back,Tags
(C. Cornelius),(C. Cornēlius),(C. Cornelius),,Gallus,Gajus Cornelius Gallus (geb. ca. 70 v. Chr.; Gallus stammte aus niederen Verhältnissen und lernte nach Cäsars Ermordung den Dichter Vergil und Kaiser Augustus kennen. Gallus gilt als Begründer der römischen Elegie.),2,,,,,Campus C,65,,,,,,,
(C. Iulius),(C. Iūlius),(C. Iulius),,"Caesar, Caesaris m","Gajus Julius Cäsar (100–44 v. Chr., röm. Politiker, Feldherr und SchriftstellerI.",3,,,,,Campus C,27;35;51,,,,,,,
(G. Cornelius),(G. Cornēlius),(G. Cornelius),,"Verrēs, Verris m","Verres (römischer Politiker und Statthalter der Provinz Sizilien (um 115 v. Chr. – 43 v. Chr.); erlangte Berühmtheit durch die Anklage der Sizilianer, vertreten durch den jungen Cicero, gegen ihn wegen Erpressung 70 v. Chr.)",4,,,,,Campus C,50,,,,,,,
(Gnaeus),(Gnaeus),(Gnaeus),,Pompeius (Magnus),"Pompejus (106-48 v. Chr., einflussreicher Politiker und Feldherr)",2,,,,,Campus C,52,,,,,,,
(M. Porcius) Cato,"(M. Porcius) Catō, ōnis (Cēnsōrius)","(M. Porcius) Cato, onis (Censorius)",Nomen,m,"Marcus Porcius Cato (röm. Politiker und Schriftsteller, 234-149 v. Chr)",2,,,,,Campus C,48,,,,,,,
(Marcus),(Mārcus),(Marcus),,Antōnius,Antonius (römischer Politiker und Feldherr (um 85 v. Chr.-30 v. Chr.); machte Karriere unter Cäsar und wurde nach seiner Ermordung 44 v. Chr. einer der einflussreichsten Männer Roms),2,,,,,Campus C,62,,,,,,,
(P. Quinctilius),(P. Quinctilius),(P. Quinctilius),,"Vārus, Vārī m","Varus (Feldherr des röm. Kaisers Augustus; verlor 9 n. Chr. die Schlacht im Teutoburger Wald, nachdem er vom Cheruskerfürsten Arminius in einen Hinterhalt gelockt worden war)68. XXIV.",3,,,,,Campus C,69,,,,,,,
(Quintus),(Quintus),(Quintus),,Horatius (Flaccus),"Horaz (röm. Dichter der augusteischen Zeit, 65-8 v. Chr.)",2,,,,,Campus C,64,,,,,,,
(T. Quinctius) Flamininus,(T. Quīnctius) Flāminīnus,(T. Quinctius) Flamininus,,,"Flamininus, römischer Politiker und Feldherr",2,,,,,Campus C,47,,,,,,,
-ne,-ne,-ne,,,(unübersetzt),1,Partikel im direkten Fragesatz,,,,Campus C,13,,,,,,,Top500
-que,-que,-que,Subjunktion,angehängt,und,1,,,,,Campus C,14,,,,,,,Top500
a / ab,ā / ab (m. Abl.),a / ab (m. Abl.),Präposition,Präp. m. Abl.,"von, von ... her",2,,,,,Campus C,16,,,,,,,Top500
abesse,"abesse, absum, āfuī","abesse, absum, afui",,ā m. Abl.,"entfernt sein, abwesend sein, fehlen",3,,,,,Campus C,68,,,,,,,Top500
abire,"abīre, abeō, abiī","abire, abeo, abii",Verb,,weggehen,1,,,,,Campus C,37,,,,,,,Top500
accidere,"accidere, accidō, accidī","accidere, accido, accidi",Verb,,"geschehen, sich ereignen",2,,,,,Campus C,49,,,,,,,Top500
accipere,"accipere, accipiō, accēpī","accipere, accipio, accepi",Verb,,"erhalten, erfahren, annehmen",3,,,,,Campus C,34,,,,,,,Top500
accusare,"accūsāre, accūsō, accūsāvī, accūsātum","accusare, accuso, accusavi, accusatum",Verb,,"anklagen, beschuldigen",2,,,,,Campus C,33,,,,,,,
acer,"ācer, ācris, ācre","acer, acris, acre",Adjektiv,,"energisch, heftig, scharf",3,,,,,Campus C,32,,,,,,,
acerbus,"ācerbus, a, um","acerbus, a, um",Adjektiv,,"bitter, grausam, rücksichtslos",3,,,,,Campus C,57,,,,,,,
ad,ad (m. Akk.),ad (m. Akk.),Präposition,Präp. m. Akk.,"zu, bei, nach, an",4,,,,,Campus C,12,,,,,,,Top500
addere,"addere, addō, addidī","addere, addo, addidi",Verb,,hinzufügen,1,,,,,Campus C,43,,,,,,,
adducere,"addūcere, addūcō, addūxī, adductum","adducere, adduco, adduxi, adductum",Verb,,"heranführen, veranlassen",2,,,,,Campus C,23;55,,,,,,,Top500
adesse,"adesse, adsum, adfuī","adesse, adsum, adfui",Verb,,"da sein, helfen",2,,,,,Campus C,18,,,,,,,Top500
adhuc,adhūc,adhuc,Adverb,Adv.,"bis jetzt, noch",2,,,,,Campus C,3,,,,,,,Top500
adire,"adīre, adeō, adiī, aditum","adire, adeo, adii, aditum",Verb,m. Akk.,"herantreten (an), bitten, aufsuchen",3,,,,,Campus C,37,,,,,,,Top500
adversus,adversus (m. Akk.),adversus (m. Akk.),Präposition,Präp. m. Akk.,gegen,1,,,,,Campus C,59,,,,,,,
aedificare,"aedificāre, aedificō, aedificāvī, aedificātum","aedificare, aedifico, aedificavi, aedificatum",Verb,,bauen,1,,,,,Campus C,11,,,,,,,
aedificium,"aedificium, aedificiī","aedificium, aedificii",Nomen,n,das Gebäude,1,,,,,Campus C,11,,,,,,,
Aegyptus,"Aegyptus, Aegyptī","Aegyptus, Aegypti",Nomen,f,Ägypten (röm. Provinz seit 30 v. Chr.)XVIII.,1,,,,,Campus C,65,,,,,,,
Aeneas,"Aenēās, Aenēae","Aeneas, Aeneae",Nomen,m,Äneas,1,Trojaner und Stammvater der Römer,,,,Campus C,30,,,,,,,
Aeolus,"Aeolus, Aeolī","Aeolus, Aeoli",Nomen,,Äolus,1,Griech. Aiolos; der Gott der Winde,,,,Campus C,6,,,,,,,
aer,"āēr, āeris","aer, aeris",Nomen,m,die Luft,1,,,,,Campus C,55,,,,,,,
aes,"aes, aeris","aes, aeris",Nomen,n,"das Erz, das Geld",2,,,,,Campus C,69,,,,,,,
aes alienum,aes aliēnum,aes alienum,Nomen,,die Schulden,1,,,,,Campus C,69,,,,,,,
aestas,"aestās, aestātis","aestas, aestatis",Nomen,f,der Sommer,1,,,,,Campus C,23,,,,,,,
aestimare,"aestimāre, aestimō, aestimāvī, aestimātum","aestimare, aestimo, aestimavi, aestimatum",Verb,,"einschätzen, beurteilen; m. dopp. Akk. halten für",3,,,,,Campus C,56,,,,,,,
aeternus,"aeternus, a, um","aeternus, a, um",Adjektiv,,ewig,1,,,,,Campus C,60,,,,,,,
Aetna,"Aetna, Aetnae","Aetna, Aetnae",Nomen,,der Ätna,1,Vulkan auf Sizilien,,,,Campus C,10,,,,,,,
afferre,"afferre, afferō, attulī, allātum","afferre, affero, attuli, allatum",,,"bringen, herbeibringen, mitbringen; melden",4,,,,,Campus C,70,,,,,,,
Africa,"Āfrica, Āfricae","Africa, Africae",Nomen,f,Afrika (Die Römer verstanden darunter in erster Linie das ihnen bekannte Nordafrika.)XVII.,1,,,,,Campus C,45;66,,,,,,,
ager,"ager, agrī","ager, agri",Nomen,m,"der Acker, das Feld, das Gebiet",3,,,,,Campus C,15,,,,,,,Top500
agere,"agere, agō, ēgī, āctum","agere, ago, egi, actum",Verb,,"handeln, treiben, verhandeln",3,,,,,Campus C,27,,,,,,,Top500
agmen,"agmen, agminis","agmen, agminis",Nomen,n,"das Heer, der Zug, der Marsch",3,,,,,Campus C,44,,,,,,,Top500
agros colere,agrōs colere,agros colere,,,die Felder bewirtschaften,1,,,,,Campus C,64,,,,,,,
alere,"alere, alō, aluī","alere, alo, alui",Verb,,"ernähren, großziehen",2,,,,,Campus C,42,,,,,,,
Alexander,"Alexander, Alexandrī","Alexander, Alexandri",,,Alexander der Große (König von Makedonien 356-323 v. Chr.),1,,,,,Campus C,38,,,,,,,
alienus,"aliēnus, a, um","alienus, a, um",Adjektiv,,fremd,1,,,,,Campus C,66,,,,,,,Top500
aliter,aliter,aliter,Adverb,Adv.,anders; sonst,2,,,,,Campus C,61,,,,,,,
alius,"alius, alia, aliud","alius, alia, aliud",Adjektiv,,ein anderer,1,,,,,Campus C,29,,,,,,,Top500
Alpes,"Alpēs, Alpium","Alpes, Alpium",Nomen,f Plural,die Alpen,1,,,,,Campus C,44,,,,,,,
altus,"altus, a, um","altus, a, um",Adjektiv,,"hoch, tief",2,,,,,Campus C,25,,,,,,,Top500
amare,"amāre, amō, amāvī, amātum","amare, amo, amavi, amatum",Verb,,lieben,1,,,,,Campus C,8,,,,,,,Top500
ambo,"ambō, ambae, ambō","ambo, ambae, ambo",,,beide (zusammen),1,,,,,Campus C,53,,,,,,,
amica,"amīca, amīcae","amica, amicae",Nomen,f,die Freundin,1,,,,,Campus C,2,,,,,,,
amicitia,"amīcitia, amīcitiae","amicitia, amicitiae",Nomen,f,die Freundschaft,1,,,,,Campus C,43,,,,,,,Top500
amicus,"amīcus, amīcī","amicus, amici",Nomen,m,der Freund,1,,,,,Campus C,4,,,,,,,Top500
amittere,"āmittere, āmittō, āmīsī","amittere, amitto, amisi",Verb,,"aufgeben, verlieren",2,,,,,Campus C,23;27,,,,,,,Top500
amor,"amor, amōris","amor, amoris",Nomen,m,die Liebe,1,,,,,Campus C,19,,,,,,,Top500
amore capi,amore capi,amore capi,,,von Liebe ergriffen werden,1,,,,,Campus C,54,,,,,,,
Amphion,"Amphīōn, Amphīonis","Amphion, Amphionis",,,Amphion (König von Theben; Mann der Niobe),2,,,,,Campus C,56,,,,,,,
amphitheatrum,"amphitheātrum, amphitheātrī","amphitheatrum, amphitheatri",Nomen,,das Amphitheater,1,,,,,Campus C,22,,,,,,,
Amulius,"Amūlius, Amūliī","Amulius, Amulii",Nomen,,Amulius,1,"König von Alba, Bruder des Numitor",,,,Campus C,33,,,,,,,
an,an,an,Nomen,im Fragesatz,oder (etwa),1,,,,,Campus C,24,,,,,,,Top500
animadvertere,"animadvertere, animadvertō, animadvertī, animadversum","animadvertere, animadverto, animadverti, animadversum",Verb,m. AcI / Akk.,bemerken,1,,,,,Campus C,29;54,,,,,,,
animal,"animal, animālis","animal, animalis",Nomen,"n (Abl. Sg. -ī, Nom. / Akk. Plural -ia, Genitiv Plural -ium)","das Lebewesen, das Tier",2,,,,,Campus C,51,,,,,,,
animus,"animus, animī","animus, animi",Nomen,m,"der Geist, der Mut, die Gesinnung",3,,,,,Campus C,19,,,,,,,Top500
annus,"annus, annī","annus, anni",Nomen,n,das Jahr,1,,,,,Campus C,22,,,,,,,Top500
ante,ante (m. Akk.),ante (m. Akk.),Präposition,Präp. m. Akk.,vor,1,,,,,Campus C,12,,,,,,,Top500
antea,anteā,antea,Adverb,Adv.,"vorher, früher",2,,,,,Campus C,24,,,,,,,
Antigona,Antigona,Antigona,,,Antigone (Tochter des Ödipus),1,,,,,Campus C,61,,,,,,,
antiquus,"antīquus, a, um","antiquus, a, um",Adjektiv,,"alt, altertümlich",2,,,,,Campus C,15,,,,,,,
aperire,"aperīre, aperiō, aperuī","aperire, aperio, aperui",Verb,,"aufdecken, öffnen",2,,,,,Campus C,36,,,,,,,
apertus,"apertus, a, um","apertus, a, um",Adjektiv,,"offen, offenkundig",2,,,,,Campus C,43,,,,,,,
Apollo,"Apollō, Apollinis","Apollo, Apollinis",Nomen,m,"Apollo (griech. Apollon; Gott des Lichts, der Musik und Künste sowie der Heilkunst und Weissagung)X.",3,,,,,Campus C,56,,,,,,,
appellare,"appellāre, appellō, appellāvī, appellātum","appellare, appello, appellavi, appellatum",Verb,,"anrufen, anreden; m. dopp. Akk. nennen",3,,,,,Campus C,56,,,,,,,Top500
appetere,"appetere, appetō, appetīvī, appetītum","appetere, appeto, appetivi, appetitum",Verb,,"erstreben, haben wollen; angreifen",3,,,,,Campus C,36,,,,,,,
apud,apud (m. Akk.),apud (m. Akk.),Präposition,Präp. m. Akk.,bei,1,,,,,Campus C,18,,,,,,,Top500
aqua,"aqua, aquae","aqua, aquae",Nomen,,das Wasser,1,,,,,Campus C,6,,,,,,,Top500
ara,"āra, ārae","ara, arae",Nomen,f,der Altar,1,,,,,Campus C,43,,,,,,,
arbor,"arbor, arboris","arbor, arboris",Nomen,f,der Baum,1,,,,,Campus C,39,,,,,,,
arcessere,"arcessere, arcessō, arcessīvī, arcessītum","arcessere, arcesso, arcessivi, arcessitum",Verb,,"herbeirufen, holen",2,,,,,Campus C,35;47,,,,,,,
arena,"arēna, arēnae","arena, arenae",Nomen,f,"der Sand, der Kampfplatz",2,,,,,Campus C,38,,,,,,,
argentum,"argentum, argentī","argentum, argenti",Nomen,n,"das Geld, das Silber",2,,,,,Campus C,45,,,,,,,
Aristoteles,"Aristotelēs, Aristotelis","Aristoteles, Aristotelis",Nomen,m,Aristoteles (griech. Philosoph 384-322 v. Chr.),1,,,,,Campus C,39,,,,,,,
arma,"arma, armōrum","arma, armorum",Nomen,n Plural,"das Gerät, die Waffen",2,,Armee,,,Campus C,26,,,,,,,Top500
Arminius,"Arminius, Arminiī","Arminius, Arminii",Nomen,,"Arminius (Feldherr der Cherusker, eines germanischen Stammes, der die Römer unter der Führung des Varus im Teutoburger Wald 9 n. Chr. besiegte.)",3,,,,,Campus C,68,,,,,,,
ars,"ars, artis","ars, artis",Nomen,f (Genitiv Plural -ium),"die Kunst, die Fertigkeit, die Eigenschaft",3,,,,,Campus C,68,,,,,,,
arx,"arx, arcis","arx, arcis",Nomen,f,die Burg,1,,,,,Campus C,42,,,,,,,
asper,"asper, aspera, asperum","asper, aspera, asperum",,,rau; streng,2,,,,,Campus C,70,,,,,,,
aspicere,"aspicere, aspiciō, aspexī, aspectum","aspicere, aspicio, aspexi, aspectum",Verb,,"erblicken, ansehen",2,,"spicken, Aspekt",,,Campus C,17;33;54,,,,,,,
at,at,at,,,"aber, dagegen, jedoch",3,,,,,Campus C,54,,,,,,,Top500
Athenae,"Athēnae, Athēnārum","Athenae, Athenarum",Nomen,f Plural,Athen,1,,,,,Campus C,40,,,,,,,
atque / ac,atque / ac,atque / ac,,,"und, und auch",2,,,,,Campus C,47,,,,,,,Top500
auctor,"auctor, auctōris","auctor, auctoris",Nomen,m,"der Anführer, der Gründer, der Schriftsteller, der Verfasser",4,,,,,Campus C,39,,,,,,,
auctoritas,"auctōritās, auctōritātis","auctoritas, auctoritatis",Nomen,f,"das Ansehen, der Einfluss, die Macht",3,,,,,Campus C,48,,,,,,,Top500
audacia,"audācia, audāciae","audacia, audaciae",Nomen,f,"die Frechheit, die Kühnheit",2,,,,,Campus C,31,,,,,,,
audire,"audīre, audiō, audīvī, audītum","audire, audio, audivi, auditum",Verb,,hören,1,,Audi hieß früher Horch,,,Campus C,10,,,,,,,Top500
augere,"augēre, augeō, auxī, auctum","augere, augeo, auxi, auctum",Verb,,"vergrößern, vermehren",2,,,,,Campus C,3;28,,,,,,,
Augias,"Augīās, Augiae","Augias, Augiae",Nomen,m,Augias,1,Mythischer König,,,,Campus C,27,,,,,,,
Augusto absente,Augustō absente,Augusto absente,,,in Abwesenheit von Augustus,1,,,,,Campus C,65,,,,,,,
Augustus,"Augustus, Augustī","Augustus, Augusti",Nomen,m,Augustus (erster röm. Kaiser 27 v. Chr.– 14 n. Chr.),1,,,,,Campus C,63,,,,,,,
aureus,"aureus, a, um","aureus, a, um",Adjektiv,,"golden, aus Gold",2,,,,,Campus C,46,,,,,,,
auris,"auris, auris","auris, auris",Nomen,f (Genitiv Plural -ium),das Ohr,1,,,,,Campus C,60,,,,,,,
aurum,"aurum, aurī","aurum, auri",Nomen,n,das Gold,1,,,,,Campus C,67,,,,,,,
aut,aut,aut,,,oder,1,,,,,Campus C,44,,,,,,,Top500
autem,autem,autem,Subjunktion,nachgestellt,"aber, andererseits",2,,,,,Campus C,15,,,,,,,Top500
auxilio,auxiliō,auxilio,,venīre,zu Hilfe kommen,1,,,,,Campus C,42,,,,,,,
auxilio venire,auxiliō venīre,auxilio venire,,,zu Hilfe kommen,1,,,,,Campus C,42,,,,,,,
auxilium,"auxilium, auxiliī","auxilium, auxilii",Nomen,n,die Hilfe,1,,,,,Campus C,15,,,,,,,Top500
Aventinus,"Aventīnus, Aventīnī","Aventinus, Aventini",Nomen,,der Aventin,1,Hügel Roms,,,,Campus C,34,,,,,,,
avertere,"āvertere, āvertō, āvertī","avertere, averto, averti",Verb,,"abwenden, vertreiben",2,,,,,Campus C,42,,,,,,,
avus,"avus, avī","avus, avi",Nomen,,der Großvater,1,,,,,Campus C,1,,,,,,,
barbarus,"barbarus, a, um","barbarus, a, um",Adjektiv,,"ausländisch, unzivilisiert; Subst. Barbar",3,,,,,Campus C,40,,,,,,,Top500
basilica,"basilica, basilicae","basilica, basilicae",Nomen,,"die Markthalle, die Gerichtshalle",2,,,,,Campus C,12,,,,,,,
beatus,"beātus, a, um","beatus, a, um",Adjektiv,,"glücklich, reich",2,,,,,Campus C,36,,,,,,,
bellum,"bellum, bellī","bellum, belli",Nomen,n,der Krieg,1,,,,,Campus C,29,,,,,,,Top500
bellum gerere,bellum gerere,bellum gerere,,,Krieg führen,1,,,,,Campus C,29,,,,,,,
bene,bene,bene,Adverb,Adv.,gut,1,,,,,Campus C,4,,,,,,,Top500
beneficium,"beneficium, beneficiī","beneficium, beneficii",Nomen,,die Wohltat,1,,,,,Campus C,11,,,,,,,Top500
bestia,"bēstia, bēstiae","bestia, bestiae",Nomen,f,das (wilde) Tier,1,,,,,Campus C,21,,,,,,,Top500
bibere,"bibere, bibō, bibī","bibere, bibo, bibi",Verb,,trinken,1,,,,,Campus C,16;32,,,,,,,
bonus,"bonus, a, um","bonus, a, um",Adjektiv,,"gut, tüchtig",2,,Bonbon,,,Campus C,14,,,,,,,Top500
brevis,"brevis, brevis, breve","brevis, brevis, breve",,,kurz,1,,,,,Campus C,58,,,,,,,
cadere,"cadere, cadō, cecidī","cadere, cado, cecidi",Verb,,fallen,1,,,,,Campus C,26;28,,,,,,,
caedere,"caedere, caedō, cecīdī","caedere, caedo, cecidi",Verb,,"fällen, töten",2,,,,,Campus C,31,,,,,,,
caelum,"caelum, caelī","caelum, caeli",Nomen,n,der Himmel,1,,,,,Campus C,21,,,,,,,Top500
Caesar,"Caesar, Caesaris","Caesar, Caesaris",Nomen,m,"Gajus Julius Cäsar (röm. Politiker, Feldherr und Schriftsteller, 100-44 v. Chr.)",3,,,,,Campus C,51,,,,,,,
Caesare invito,Caesare invītō,Caesare invito,,,gegen den Willen Cäsars,1,,,,,Campus C,65,,,,,,,
calamitas,"calamitās, calamitātis","calamitas, calamitatis",Nomen,f,"der Schaden, das Unglück",2,,,,,Campus C,54,,,,,,,
Campania,"Campānia, Campāniae","Campania, Campaniae",Nomen,,Kampanien,1,Landschaft südlich von Rom,,,,Campus C,16,,,,,,,
campus,"campus, campī","campus, campi",Nomen,m,"das Feld, der freie Platz",2,,,,,Campus C,1,,,,,,,
cantare,"cantāre, cantō, cantāvī, cantātum","cantare, canto, cantavi, cantatum",Verb,,"singen, dichten",2,,,,,Campus C,50,,,,,,,
capere,"capere, capiō, cēpī, captum","capere, capio, cepi, captum",Verb,,"fassen, nehmen, fangen; erobern",4,,"kapieren, kapern",,,Campus C,17;27;48,,,,,,,Top500
Capitolium,"Capitōlium, Capitōliī","Capitolium, Capitolii",Nomen,,das Kapitol,1,Bedeutendster Hügel Roms,,,,Campus C,11,,,,,,,
captivus,"captīvus, captīvī","captivus, captivi",Nomen,m,der Kriegsgefangene,1,,,,,Campus C,9,,,,,,,
caput,"caput, capitis","caput, capitis",Nomen,n,der Kopf; die Hauptstadt,2,,,,,Campus C,51,,,,,,,Top500
carere,"carēre, careō, caruī, caritum","carere, careo, carui, caritum",Verb,m. Abl.,"frei sein von, ohne (etwas) sein, nicht haben",3,,,,,Campus C,28,,,,,,,
carmen,"carmen, carminis","carmen, carminis",Nomen,n,"das Gedicht, das Lied",2,,,,,Campus C,50,,,,,,,
carrus,"carrus, carrī","carrus, carri",Nomen,m,"der Wagen, der Karren",2,,,,,Campus C,16,,,,,,,
Carthago,"Carthāgō, Carthāginis","Carthago, Carthaginis",Nomen,f,Karthago,1,Stadt in Nordafrika,,,,Campus C,30,,,,,,,
carus,"cārus, a, um","carus, a, um",Adjektiv,,"lieb, teuer, wertvoll",3,,,,,Campus C,20,,,,,,,
castra,"castra, castrōrum","castra, castrorum",Nomen,n Plural,das Lager,1,,,,,Campus C,26,,,,,,,Top500
causa,"causa, causae","causa, causae",Nomen,f,"die Sache, die Ursache, der Grund; der Prozess",4,,,,,Campus C,53,,,,,,,Top500
cedere,"cēdere, cēdō, cessī","cedere, cedo, cessi",Verb,,"gehen, nachgeben, weichen",3,,,,,Campus C,29,,,,,,,
celer,"celer, celeris, celere","celer, celeris, celere",Adjektiv,,schnell,1,,,,,Campus C,32,,,,,,,Top500
cena,"cēna, cēnae","cena, cenae",Nomen,,"die Mahlzeit, das Essen",2,,,,,Campus C,8,,,,,,,
cenare,"cēnāre, cēnō, cēnāvī, cēnātum","cenare, ceno, cenavi, cenatum",Verb,,essen,1,,,,,Campus C,9,,,,,,,
censere,"cēnsēre, cēnseō, cēnsuī, census","censere, censeo, censui, census",Verb,m. Akk.,"meinen, einschätzen; seine Stimme abgeben (für)",3,,,,,Campus C,40,,,,,,,
centum,centum,centum,,indekl.,hundert,1,,,,,Campus C,46,,,,,,,
Cerberus,"Cerberus, Cerberī","Cerberus, Cerberi",Nomen,,Zerberus,1,Der dreiköpfige Höllenhund,,,,Campus C,28,,,,,,,
certe,certē,certe,Adverb,/ certō Adv.,"gewiss, sicherlich",2,,,,,Campus C,29,,,,,,,
certe / certo,certē / certō,certe / certo,Adverb,Adv.,"gewiss, sicherlich",2,,,,,Campus C,29,,,,,,,
certus,"certus, a, um","certus, a, um",Adjektiv,,"sicher, bestimmt",2,,,,,Campus C,49,,,,,,,Top500
cessare,"cessāre, cessō, cessāvī, cessātum","cessare, cesso, cessavi, cessatum",Verb,,"zögern, rasten",2,,,,,Campus C,64,,,,,,,
ceteri,"cēterī, ae, a","ceteri, ae, a",Adjektiv,Plural,die übrigen,1,,,,,Campus C,21,,,,,,,Top500
cibus,"cibus, cibī","cibus, cibi",Nomen,,"die Nahrung, die Speise, das Futter",3,,,,,Campus C,6,,,,,,,
circiter,circiter,circiter,Adverb,Adv.,ungefähr,1,,,,,Campus C,46,,,,,,,
circum,circum (m. Akk.),circum (m. Akk.),Präposition,,"rings um, um ... herum",2,,,,,Campus C,31,,,,,,,
circumdare,"circúmdare, circumdō, circumdedī, circumdatum","circumdare, circumdo, circumdedi, circumdatum",Verb,,umgeben,1,,,,,Campus C,59,,,,,,,
civis,"cīvis, cīvis","civis, civis",Nomen,m/f (Genitiv Plural: civium),"der Bürger, die Bürgerin",2,,,,,Campus C,30,,,,,,,Top500
civitas,"cīvitās, cīvitātis","civitas, civitatis",Nomen,f,"die Gemeinde, der Staat",2,,,,,Campus C,20,,,,,,,Top500
clamare,"clāmāre, clāmō, clāmāvī, clāmātum","clamare, clamo, clamavi, clamatum",Verb,,"laut rufen, schreien",2,,,,,Campus C,13,,,,,,,
clamor,"clāmor, clāmōris","clamor, clamoris",Nomen,m,"das Geschrei, der Lärm",2,,,,,Campus C,19,,,,,,,
clarus,"clārus, a, um","clarus, a, um",Adjektiv,,"klar, hell, berühmt",3,,,,,Campus C,15,,,,,,,Top500
classis,"classis, classis","classis, classis",Nomen,f,"die Abteilung, die Flotte",2,,,,,Campus C,42,,,,,,,Top500
claudere,"claudere, claudō","claudere, claudo",Verb,,"schließen, abschließen, einschließen",3,,,,,Campus C,38,,,,,,,
clementia,"clēmentia, clēmentiae","clementia, clementiae",Nomen,f,"die Milde, die Nachsicht",2,,,,,Campus C,9,,,,,,,
Cleopatra,"Cleopatra, Cleopatrae","Cleopatra, Cleopatrae",Nomen,f,Kleopatra VII. (letzte Königin Ägyptens von 51-30 v. Chr.,1,,,,,Campus C,53,,,,,,,
cogere,"cōgere, cōgō, coēgī","cogere, cogo, coegi",Verb,,(ver)sammeln; zwingen,2,,,,,Campus C,39,,,,,,,Top500
cogitare,"cōgitāre, cōgitō, cōgitāvī, cōgitātum","cogitare, cogito, cogitavi, cogitatum",Verb,,"denken, beabsichtigen",2,,,,,Campus C,30,,,,,,,
cognoscere,"cognōscere, cognōscō, cognōvī, cognitum","cognoscere, cognosco, cognovi, cognitum",Verb,,"erkennen, kennenlernen; Perf. kennen, wissen",4,,,,,Campus C,39;63,,,,,,,Top500
cohors,"cohors, cohortis","cohors, cohortis",Nomen,f,die Kohorte (ca. 600 Mann),1,,,,,Campus C,51,,,,,,,
colere,"colere, colō, coluī, cultum","colere, colo, colui, cultum",Verb,,"bewirtschaften, pflegen; verehren",3,,,,,Campus C,64,,,,,,,Top500
collocare,"collocāre, collocō","collocare, colloco",Verb,,"aufstellen, unterbringen",2,,,,,Campus C,38,,,,,,,
comes,"comes, comitis","comes, comitis",Nomen,m/f,"der Begleiter, die Begleiterin, der Gefährte, die Gefährtin",4,,,,,Campus C,32,,,,,,,
commodum,"commodum, commodī","commodum, commodi",Nomen,n,"Bequemlichkeit, Vorteil",2,,,,,Campus C,66,,,,,,,
commovere,"commovēre, commoveō, commōvī, commōtum","commovere, commoveo, commovi, commotum",Verb,,"bewegen, veranlassen",2,,,,,Campus C,57,,,,,,,
communis,"commūnis, commūnis, commūne","communis, communis, commune",Adjektiv,,"gemeinsam, allgemein",2,,,,,Campus C,35,,,,,,,Top500
comperire,"comperīre, comperiō, comperī, compertum","comperire, comperio, comperi, compertum",Verb,,(genau) erfahren,1,,,,,Campus C,60,,,,,,,
complere,"complēre, compleō, complēvī, complētum","complere, compleo, complevi, completum",Verb,,"anfüllen, auffüllen",2,,,,,Campus C,6;25,,,,,,,
complures,"complūrēs, complūra","complures, complura",,Genitiv -ium,mehrere,1,,,,,Campus C,46,,,,,,,Top500
comprehendere,"comprehendere, comprehendō, comprehendī, comprehēnsum","comprehendere, comprehendo, comprehendi, comprehensum",Verb,,"begreifen, ergreifen, festnehmen",3,,,,,Campus C,24;27;48,,,,,,,
concedere,"concēdere, concēdō, concessī, concessum","concedere, concedo, concessi, concessum",Verb,,"erlauben, nachgeben, zugestehen",3,,,,,Campus C,36,,,,,,,
concordia,"concordia, concordiae","concordia, concordiae",Nomen,f,"die Eintracht, die Einigkeit",2,,,,,Campus C,37,,,,,,,
Concordia,"Concordia, Concordiae","Concordia, Concordiae",Nomen,,Concordia,1,Göttin der Eintracht,,,,Campus C,11,,,,,,,
condere,"condere, condō, condidī, conditum","condere, condo, condidi, conditum",Verb,,"verwahren, verbergen; erbauen, gründen",4,,,,,Campus C,34;55,,,,,,,
condicio,"condiciō, condiciōnis","condicio, condicionis",Nomen,f,"die Bedingung, die Lage",2,,,,,Campus C,57,,,,,,,
conferre,"cōnferre, cōnferō, cōntulī, collātum","conferre, confero, contuli, collatum",,,"vergleichen, zusammentragen",2,,,,,Campus C,70,,,,,,,Top500
conficere,"cōnficere, cōnficiō, cōnfēcī, cōnfectum","conficere, conficio, confeci, confectum",Verb,,"fertig machen, beenden",2,,,,,Campus C,44;63,,,,,,,
confirmare,"cōnfirmāre, cōnfirmō, cōnfirmāvī, cōnfirmātum","confirmare, confirmo, confirmavi, confirmatum",Verb,,"bekräftigen, ermutigen, stärken",3,,,,,Campus C,37,,,,,,,
conicere,"conicere, coniciō, coniēcī, coniectum","conicere, conicio, conieci, coniectum",Verb,,"(zusammen)werfen, folgern, vermuten",3,,,,,Campus C,38,,,,,,,Top500
coniunx,"coniūnx, coniugis","coniunx, coniugis",Nomen,m/f,"der Gatte, die Gattin",2,,,,,Campus C,57,,,,,,,
coniurare,"coniūrāre, coniūrō, coniūrāvī, coniūrātum","coniurare, coniuro, coniuravi, coniuratum",Verb,,sich verschwören,1,,,,,Campus C,68,,,,,,,
conscribere,"cōnscrībere, cōnscrībō, cōnscrīpsī","conscribere, conscribo, conscripsi",Verb,,"aufschreiben, verfassen",2,,,,,Campus C,39,,,,,,,
considere,"cōnsīdere, cōnsīdō, cōnsēdī, cōnsessum","considere, consido, consedi, consessum",Verb,,"sich setzen, sich niederlassen",2,,,,,Campus C,54,,,,,,,
consilium,"cōnsilium, consiliī","consilium, consilii",Nomen,n,"die Beratung, der Beschluss, der Plan, der Rat",4,,,,,Campus C,11,,,,,,,Top500
consilium capere,cōnsilium capere,consilium capere,,,einen Plan (Entschluss) fassen,1,,,,,Campus C,27,,,,,,,
consistere,"cōnsistere, cōnsistō, cōnstitī","consistere, consisto, constiti",Verb,,"stehenbleiben, haltmachen, sich aufstellen",3,,,,,Campus C,17;29,,,,,,,Top500
conspectus,"cōnspectus, cōnspectūs","conspectus, conspectus",Nomen,m,"der Anblick, das Blickfeld",2,,,,,Campus C,64,,,,,,,
conspicere,"cōnspicere, cōnspiciō, cōnspexī, cōnspectum","conspicere, conspicio, conspexi, conspectum",Verb,,erblicken,1,,,,,Campus C,38,,,,,,,
constat,cōnstat,constat,Verb,,"es ist bekannt, es steht fest",2,,,,,Campus C,29,,,,,,,
constituere,"cōnstituere, cōnstituō, cōnstituī, cōnstitūtum","constituere, constituo, constitui, constitutum",Verb,,"festsetzen, beschließen",2,,,,,Campus C,54,,,,,,,Top500
consul,"cōnsul, cōnsulis","consul, consulis",Nomen,m,der Konsul,1,,,,,Campus C,42,,,,,,,Top500
consulere,"cōnsulere, cōnsulō, cōnsuluī, cōnsultum","consulere, consulo, consului, consultum",Verb,,m. Akk. um Rat fragen; m. Dat. sorgen für; in m. Akk. vorgehen gegen,3,,,,,Campus C,53,,,,,,,Top500
contendere,"contendere, contendō, contendī","contendere, contendo, contendi",Verb,,"sich anstrengen, kämpfen; eilen; behaupten",4,,,,,Campus C,34,,,,,,,Top500
contra,contrā (m. Akk.),contra (m. Akk.),Präposition,Präp. m. Akk.,gegen,1,,,,,Campus C,38,,,,,,,Top500
convenire,"convenīre, conveniō, convēnī, conventum","convenire, convenio, conveni, conventum",Verb,,"zusammenkommen, zusammenpassen, besuchen",3,,,,,Campus C,30,,,,,,,Top500
convertere,"convertere, convertō, convertī, conversum","convertere, converto, converti, conversum",Verb,,"verändern, (um)wenden",2,,,,,Campus C,59,,,,,,,
convocare,"convocāre, convocō, convocāvī, convocātum","convocare, convoco, convocavi, convocatum",Verb,,"zusammenrufen, versammeln",2,,,,,Campus C,38,,,,,,,
copia,"cōpia, cōpiae","copia, copiae",Nomen,,"die Menge, der Vorrat, die Möglichkeit; Pl. die Truppen",4,,,,,Campus C,6;35,,,,,,,Top500
corpus,"corpus, corporis","corpus, corporis",Nomen,n,"der Körper, der Leichnam",2,,,,,Campus C,49,,,,,,,Top500
corripere,"corripere, corripiō, corripuī, correptum","corripere, corripio, corripui, correptum",Verb,,"ergreifen, gewaltsam an sich reißen",2,,,,,Campus C,66,,,,,,,
creare,"creāre, creō, creāvī, creātum","creare, creo, creavi, creatum",Verb,,"erschaffen, wählen",2,,,,,Campus C,18,,,,,,,
credere,"crēdere, crēdō, crēdidī, crēditum","credere, credo, credidi, creditum",Verb,,"glauben, anvertrauen",2,,,,,Campus C,35,,,,,,,Top500
Creon,"Creōn, Creontis","Creon, Creontis",Nomen,m,"Kreon (Bruder des Ödipus, Onkel der Antigone und der Ismene)",2,,,,,Campus C,61,,,,,,,
crescere,"crēscere, crēscō, crēvī","crescere, cresco, crevi",Verb,,wachsen,1,,,,,Campus C,70,,,,,,,
Creta,"Crēta, Crētae","Creta, Cretae",Nomen,,Kreta,1,Griech. Insel,,,,Campus C,10,,,,,,,
crimen,"crīmen, crīminis","crimen, criminis",Nomen,n,"das Verbrechen, der Vorwurf, die Beschuldigung",3,,,,,Campus C,50,,,,,,,Top500
crudelis,"crūdēlis, crūdēlis, crūdēle","crudelis, crudelis, crudele",Adjektiv,,grausam,1,,,,,Campus C,33,,,,,,,
cui,cui?,cui?,Pronomen,,wem?,1,,,,,Campus C,5,,,,,,,
culpa,"culpa, culpae","culpa, culpae",Nomen,f,die Schuld,1,,,,,Campus C,69,,,,,,,
cultus,"cultus, cultūs","cultus, cultus",Nomen,m,"die Bildung, die Lebensweise, die Pflege, die Verehrung",4,,,,,Campus C,61,,,,,,,
cum (m. Abl.),cum (m. Abl.),cum (m. Abl.),Präposition,Präp. m. Abl.,"mit, zusammen mit",2,,,,,Campus C,12,,,,,,,Top500
cum (Subj.),cum (Subj.),cum (Subj.),Subjunktion,Subj. m. Ind.,als (plötzlich); (immer) wenn,2,,,,,Campus C,25,,,,,,,Top500
cuncti,"cūnctī, ae, a","cuncti, ae, a",Adjektiv,Plural,alle (zusammen),1,,,,,Campus C,14,,,,,,,
cupere,"cupere, cupiō, cupīvī, cupītum","cupere, cupio, cupivi, cupitum",Verb,,"wünschen, verlangen",2,,,,,Campus C,43,,,,,,,Top500
cur?,cūr?,cur?,Adverb,,warum?,1,,,,,Campus C,2,,,,,,,Top500
cura,"cūra, cūrae","cura, curae",Nomen,f,"die Pflege, die Sorge",2,,,,,Campus C,36,,,,,,,Top500
curae esse,cūrae esse,curae esse,,,"Sorge bereiten, am Herzen liegen",2,,,,,Campus C,42,,,,,,,
curare,"cūrāre, cūrō, cūrāvī, cūrātum","curare, curo, curavi, curatum",Verb,,"pflegen, sorgen für",2,,"Kur, kurieren",,,Campus C,24,,,,,,,
curia,"cūria, cūriae","curia, curiae",Nomen,,die Kurie,1,Sitzungsgebäude des Senats,,,,Campus C,11,,,,,,,
currere,"currere, currō, cucurrī","currere, curro, cucurri",Verb,,"laufen, eilen",2,,,,,Campus C,44,,,,,,,
custos,"cūstōs, cūstōdis","custos, custodis",Nomen,m/f,"der Wächter, die Wächterin",2,,,,,Campus C,42,,,,,,,
Daedalus,"Daedalus, Daedalī","Daedalus, Daedali",Nomen,m,Dädalus (sagenhafter athenischer Künstler und Baumeister),1,,,,,Campus C,55,,,,,,,
damnare,"damnāre, damnō, damnāvī, damnātum","damnare, damno, damnavi, damnatum",Verb,m. Genitiv,verurteilen (wegen),1,,,,,Campus C,46,,,,,,,
dare,"dare, dō, dedī, datum","dare, do, dedi, datum",Verb,,geben,1,,,,,Campus C,20;28;47,,,,,,,Top500
de,dē (m. Abl.),de (m. Abl.),Präposition,Präp. m. Abl.,"von, von ... her, von ... weg, von ... herab; über",5,,,,,Campus C,14,,,,,,,Top500
de salute desperare,dē salūte dēspērāre,de salute desperare,,,die Hoffnung auf Rettung aufgeben,1,,,,,Campus C,31,,,,,,,
dea,"dea, deae","dea, deae",Nomen,f,die Göttin,1,,,,,Campus C,11,,,,,,,
debere,"dēbēre, dēbeō, dēbuī, dēbitum","debere, debeo, debui, debitum",Verb,,"müssen, sollen, schulden",3,,,,,Campus C,2;58,,,,,,,Top500
decem,decem,decem,,indekl.,zehn,1,,,,,Campus C,14,,,,,,,
decernere,"dēcernere, dēcernō, dēcrēvī, decrētum","decernere, decerno, decrevi, decretum",Verb,,"beschließen, entscheiden",2,,,,,Campus C,39,,,,,,,
decimus,"decimus, a, um","decimus, a, um",Adjektiv,,"der (die, das) zehnte",2,,,,,Campus C,23,,,,,,,
deducere,"dēdūcere, dēdūcō, dēdūxī, dēductum","deducere, deduco, deduxi, deductum",Verb,,"wegführen, hinführen",2,,,,,Campus C,23;54,,,,,,,Top500
deesse,"dēesse, dēsum, dēfuī","deesse, desum, defui",Verb,,"abwesend sein, fehlen",2,,,,,Campus C,23,,,,,,,
defendere,"dēfendere, dēfendō, dēfendī","defendere, defendo, defendi",Verb,ā m. Abl.,"abwehren, verteidigen",2,vor / gegen,,,,Campus C,33,,,,,,,Top500
deferre,"dēferre, dēferō, dētulī, dēlātum","deferre, defero, detuli, delatum",,,"hinbringen, melden, übertragen",3,,,,,Campus C,70,,,,,,,
deficere,"dēficere, dēficiō, dēfēcī, dēfectum","deficere, deficio, defeci, defectum",Verb,a m. Abl.,"abnehmen, ermatten, abfallen (von)",3,,,,,Campus C,67,,,,,,,
deinde,deinde,deinde,Adverb,Adv.,"dann, hierauf",2,,,,,Campus C,65,,,,,,,Top500
delectare,"dēlectāre, dēlectō, dēlectāvī, dēlectātum","delectare, delecto, delectavi, delectatum",Verb,,"erfreuen, unterhalten",2,,,,,Campus C,8,,,,,,,
delere,"dēlēre, dēleō, dēlēvī, dēlētum","delere, deleo, delevi, deletum",Verb,,"zerstören, vernichten",2,,,,,Campus C,6;25,,,,,,,
deligere,"dēligere, dēligō, dēlēgī, dēlēctum","deligere, deligo, delegi, delectum",Verb,,(aus)wählen,1,,,,,Campus C,34;56,,,,,,,
demonstrare,"dēmōnstrāre, dēmōnstrō","demonstrare, demonstro",Verb,,"beweisen, darlegen",2,,,,,Campus C,31,,,,,,,
denique,dēnique,denique,Adverb,Adv.,"schließlich, zuletzt",2,,,,,Campus C,65,,,,,,,
deponere,"dēpōnere, dēpōnō, dēposuī, dēpositum","deponere, depono, deposui, depositum",Verb,,"niederlegen, aufgeben",2,,,,,Campus C,61,,,,,,,
descendere,"dēscendere, dēscendō, dēscendī, dēscēnsum","descendere, descendo, descendi, descensum",Verb,,herabsteigen,1,,,,,Campus C,17;27,,,,,,,
deserere,"dēserere, dēserō, dēseruī","deserere, desero, deserui",Verb,,"im Stich lassen, verlassen",2,,,,,Campus C,42,,,,,,,
desiderare,"dēsīderāre, dēsīderō, dēsīderāvī, dēsīderātum","desiderare, desidero, desideravi, desideratum",Verb,,"sich sehnen nach, vermissen",2,,,,,Campus C,10,,,,,,,
desinere,"dēsinere, dēsinō, dēsiī","desinere, desino, desii",Verb,,aufhören,1,,,,,Campus C,42,,,,,,,
desperare,"dēspērāre, dēspērō, dēspērāvī, dēspērātum","desperare, despero, desperavi, desperatum",Verb,,"die Hoffnung aufgeben, verzweifeln",2,,,,,Campus C,31,,,,,,,
deus,"deus, deī","deus, dei",Nomen,m,"der Gott, die Gottheit",2,,,,,Campus C,6,,,,,,,Top500
dexter,"dexter, dext(e)ra, dext(e)rum","dexter, dext(e)ra, dext(e)rum",,,rechts,1,,,,,Campus C,43,,,,,,,
di!,dī!,di!,Nomen,Vokativ,(oh) Götter!,1,,,,,Campus C,25,,,,,,,
Diana,"Diāna, Diānae","Diana, Dianae",Nomen,,Diana,1,"Griech. Artemis; Göttin der Jagd, des Waldes und des Mondes, Schützerin der Frauen und der Jungfräulichkeit. Zwillingsschwester des Apollo",,,,Campus C,21,,,,,,,
dicere,"dīcere, dīcō, dīxī","dicere, dico, dixi",Verb,,"sagen, sprechen; m. dopp. Akk.: nennen, bezeichnen (als)",4,,"diktieren, Diktat",,,Campus C,16;27,,,,,,,Top500
Dido,"Dīdō, Dīdōnis","Dido, Didonis",Nomen,f,Dido,1,Königin Karthagos,,,,Campus C,30,,,,,,,
dies,"diēs, diēī","dies, diei",Nomen,m,der Tag,1,,,,,Campus C,41,,,,,,,Top500
diffcilis,"diffcilis, difficile","diffcilis, difficile",,,"schwer, schwierig",2,,,,,Campus C,68,,,,,,,
differre,"differre, differō, distulī, dīlātum","differre, differo, distuli, dilatum",,ā m. Abl.,aufschieben; sich unterscheiden (von),2,,,,,Campus C,70,,,,,,,
dignus,"dīgnus, a, um","dignus, a, um",Adjektiv,m. Abl.,"wert, würdig (einer Sache)",2,,,,,Campus C,56,,,,,,,Top500
diligens,"dīligēns, dīligentis","diligens, diligentis",,,"gewissenhaft, sorgfältig",2,,,,,Campus C,38,,,,,,,
dimittere,"dīmittere, dīmittō, dīmīsī, dīmissum","dimittere, dimitto, dimisi, dimissum",Verb,,"aufgeben, entlassen",2,,,,,Campus C,61,,,,,,,
Diogenes,"Diogenēs, Diogenis","Diogenes, Diogenis",Nomen,m,Diogenes (griechischer Philosoph),1,,,,,Campus C,39,,,,,,,
discere,"discere, discō, didicī","discere, disco, didici",Verb,,"lernen, erfahren",2,,,,,Campus C,42,,,,,,,
discipulus,"discipulus, discipulī","discipulus, discipuli",Nomen,,der Schüler,1,,,,,Campus C,11,,,,,,,
diu,diū,diu,Adverb,,lange; lange Zeit,2,,,,,Campus C,7,,,,,,,Top500
dives,"dīves, dīvitis","dives, divitis",,,reich,1,,,,,Campus C,38,,,,,,,
docere,"docēre, doceō, docuī, doctum","docere, doceo, docui, doctum",Verb,,"lehren, unterrichten",2,,,,,Campus C,3,,,,,,,
dolere,"dolēre, doleō, doluī","dolere, doleo, dolui",Verb,,"schmerzen, wehtun",2,,,,,Campus C,2,,,,,,,
dolere (m. Abl.),dolēre (m. Abl.),dolere (m. Abl.),Verb,m. Abl.,traurig sein über,1,,,,,Campus C,28,,,,,,,
dolor,"dolor, dolōris","dolor, doloris",Nomen,m,der Schmerz,1,,,,,Campus C,22,,,,,,,Top500
dolus,"dolus, dolī","dolus, doli",Nomen,m,"die List, die Täuschung",2,,,,,Campus C,9,,,,,,,
domina,"domina, dominae","domina, dominae",Nomen,,"die Herrin, die Dame",2,,,,,Campus C,8,,,,,,,
dominus,"dominus, dominī","dominus, domini",Nomen,m,der Herr,1,,,,,Campus C,3,,,,,,,Top500
domus,"domus, domūs","domus, domus",Nomen,"f (Abl. Sg. -ō, Genitiv Plural -ōrum, Akk. Plural -ōs)",das Haus,1,,,,,Campus C,53,,,,,,,Top500
donare,"dōnāre, dōnō, dōnāvī, dōnātum","donare, dono, donavi, donatum",Verb,,"schenken, beschenken",2,,,,,Campus C,31,,,,,,,
donum,"dōnum, dōnī","donum, doni",Nomen,,das Geschenk,1,,,,,Campus C,11,,,,,,,
dubitare,"dubitāre, dubitō","dubitare, dubito",Verb,,zweifeln; zögern,2,Mit Infinitiv,,,,Campus C,9,,,,,,,Top500
ducenti,"ducentī, ae, a","ducenti, ae, a",,,zweihundert,1,,,,,Campus C,51,,,,,,,
ducere,"dūcere, dūco, dūxī","ducere, duco, duxi",Verb,,"führen, ziehen; m. dopp. Akk.: halten für",3,,,,,Campus C,16;27,,,,,,,Top500
dulcis,"dulcis, dulcis, dulce","dulcis, dulcis, dulce",Adjektiv,,"angenehm, süß",2,,,,,Campus C,33,,,,,,,
dum,dum,dum,Subjunktion,,"während, solange, bis",3,dum mit indikativ Präsens: während,,,,Campus C,19,,,,,,,Top500
duo,"duo, duae, duo","duo, duae, duo",Adjektiv,,"zwei, beide",2,,,,,Campus C,16,,,,,,,Top500
duodecim,duodecim,duodecim,,indekl.,zwölf,1,,,,,Campus C,27,,,,,,,
dux,"dux, ducis","dux, ducis",Nomen,m/f,"der Anführer, die Anführerin",2,,,,,Campus C,47,,,,,,,Top500
e / ex,ē / ex (m. Abl.),e / ex (m. Abl.),Präposition,Präp. m. Abl.,"aus, von ... her",2,,,,,Campus C,12,,,,,,,Top500
ea hora,eā hōrā,ea hora,,,in dieser Stunde,1,,,,,Campus C,28,,,,,,,
ecce,ecce,ecce,,,schau! sieh da! schaut! seht da!,1,,,,,Campus C,22,,,,,,,
edere,"ēdere, ēdō, ēdidī, ēditum","edere, edo, edidi, editum",Verb,,"herausgeben, bekannt machen, veranstalten",3,,,,,Campus C,69,,,,,,,
educere,"ēdūcere, ēdūcō, ēdūxī, ēductum","educere, educo, eduxi, eductum",Verb,,herausführen,1,,,,,Campus C,23,,,,,,,
efferre,"efferre, efferō, extulī, ēlātum","efferre, effero, extuli, elatum",,,"herausheben, hervorbringen",2,,,,,Campus C,70,,,,,,,
efficere,"efficere, efficiō, effēcī","efficere, efficio, effeci",Verb,,"bewirken, herstellen",2,,,,,Campus C,42,,,,,,,
effugere,"effugere, effugiō, effūgī","effugere, effugio, effugi",Verb,m. Akk.,"entfliehen, entkommen",2,,,,,Campus C,58,,,,,,,
ego,ego,ego,Pronomen,Nom.,ich,1,Betont,,,,Campus C,13,,,,,,,Top500
emere,"emere, emō, ēmī, ēmptum","emere, emo, emi, emptum",Verb,,kaufen,1,,,,,Campus C,69,,,,,,,Top500
enim,enim,enim,Subjunktion,nachgestellt,"nämlich, denn",2,,,,,Campus C,18,,,,,,,Top500
eo,eō,eo,Adverb,Adv.,dorthin; deswegen,2,,,,,Campus C,37,,,,,,,Top500
eo anno,eō annō,eo anno,,,in diesem Jahr,1,,,,,Campus C,28,,,,,,,
equidem,equidem,equidem,,,"(ich) allerdings, freilich",2,,,,,Campus C,64,,,,,,,
equus,"equus, equī","equus, equi",Nomen,m,das Pferd,1,,,,,Campus C,1,,,,,,,Top500
ergo,ergō,ergo,Adverb,Adv.,"also, deshalb",2,,,,,Campus C,34,,,,,,,Top500
errare,"errāre, errō","errare, erro",Verb,,"umherirren, (sich) irren",2,,,,,Campus C,13,,,,,,,
esse,"esse, sum, fuī","esse, sum, fui",Verb,,"sein, sich befinden",2,,,,,Campus C,2;25,,,,,,,Top500
est,est,est,Verb,,"er (sie, es) ist",2,,,,,Campus C,2,,,,,,,
et,et,et,Subjunktion,,"und, auch",2,,,,,Campus C,1,,,,,,,Top500
et ... et,et ... et,et ... et,Subjunktion,,sowohl ... als auch,1,,,,,Campus C,35,,,,,,,Top500
etiam,etiam,etiam,Adverb,,"auch, sogar",2,,et + iam,,,Campus C,5,,,,,,,Top500
etsi,etsī,etsi,Subjunktion,,"auch wenn, obwohl",2,,,,,Campus C,28,,,,,,,
Europa,"Eurōpa, Eurōpae","Europa, Europae",Nomen,f,Europa (Tochter eines phönizischen Königs),1,,,,,Campus C,54,,,,,,,
Europa (Erdteil),"Eurōpa, Eurōpae","Europa, Europae",Nomen,,Europa,1,"Bereits im 5. Jh. v. Chr. teilte der griech. Historiker und Geograf Herodot die Welt in die drei Erdteile Europa, Asien und Libyen (Afrika) ein. Diese Einteilung behielt in der gesamten Antike Gültigkeit.",,,,Campus C,10,,,,,,,
Eurydica,"Eurydica, Eurydicae","Eurydica, Eurydicae",Nomen,f,Eurydike (die Gattin des Orpheus),1,,,,,Campus C,57,,,,,,,
Eurystheus,"Eurystheus, Eurystheī","Eurystheus, Eurysthei",Nomen,m,Eurystheus,1,Mythischer König,,,,Campus C,27,,,,,,,
evenire,"ēvenīre, ēveniō, ēvēnī, ēventum","evenire, evenio, eveni, eventum",Verb,,sich ereignen,1,,,,,Campus C,69,,,,,,,
evenit,"ēvenit, ut","evenit, ut",,,"es ereignet sich, dass",2,,,,,Campus C,69,,,,,,,
excitare,"excitāre, excitō, excitāvī, excitātum","excitare, excito, excitavi, excitatum",Verb,,"erregen, ermuntern, wecken",3,,,,,Campus C,55,,,,,,,
exercere,"exercēre, exerceō, exercuī, exercitum","exercere, exerceo, exercui, exercitum",Verb,,"üben, trainieren; quälen",3,,,,,Campus C,22,,,,,,,
exercitus,"exercitus, exercitūs","exercitus, exercitus",Nomen,m,das Heer,1,,,,,Campus C,52,,,,,,,Top500
exigere,"exigere, exigō, exēgi, exāctum","exigere, exigo, exegi, exactum",Verb,,"(ein)fordern, vollenden",2,,,,,Campus C,69,,,,,,,
exire,"exīre, exeō, exiī","exire, exeo, exii",Verb,,"herausgehen, hinausgehen",2,,,,,Campus C,37,,,,,,,
existimare,"exīstimāre, exīstimō","existimare, existimo",Verb,,"meinen, einschätzen",2,,,,,Campus C,21,,,,,,,Top500
expellere,"expellere, expellō, expulī","expellere, expello, expuli",Verb,,"vertreiben, verbannen",2,,,,,Campus C,44,,,,,,,
exspectare,"exspectāre, exspectō, exspectāvī, exspectātum","exspectare, exspecto, exspectavi, exspectatum",Verb,,"warten (auf), erwarten",2,,Harry: Expecto patronum,,,Campus C,10,,,,,,,Top500
exstinguere,"exstinguere, exstinguō, exstīnxī, exstīnctum","exstinguere, exstinguo, exstinxi, exstinctum",Verb,,"auslöschen, vernichten",2,,,,,Campus C,67,,,,,,,
fabula,"fābula, fābulae","fabula, fabulae",Nomen,,"die Erzählung, die Geschichte, das Theaterstück",3,,,,,Campus C,27,,,,,,,
facere,"facere, faciō, fēcī","facere, facio, feci",Verb,,"machen, tun, handeln; m. dopp. Akk.: jdn. zu etw. machen",4,,,,,Campus C,17;27,,,,,,,Top500
facilis,"facilis, facilis, facile","facilis, facilis, facile",,,leicht (zu tun),1,,,,,Campus C,62,,,,,,,Top500
facinus,"facinus, facinoris","facinus, facinoris",Nomen,n,die Handlung; die Untat,2,,,,,Campus C,61,,,,,,,
factum,"factum, factī","factum, facti",Nomen,,"die Handlung, die Tat, die Tatsache",3,,,,,Campus C,26,,,,,,,Top500
fallere,"fallere, fallō, fefellī","fallere, fallo, fefelli",Verb,,"täuschen, betrügen",2,,,,,Campus C,40,,,,,,,
falsus,"falsus, a, um","falsus, a, um",Adjektiv,,falsch,1,,,,,Campus C,60,,,,,,,
fama,"fāma, fāmae","fama, famae",Nomen,f,"der (gute / schlechte) Ruf, das Gerücht",2,,,,,Campus C,60,,,,,,,Top500
familia,"familia, familiae","familia, familiae",Nomen,,die Familie,1,,,,,Campus C,1,,,,,,,
Faustulus,"Faustulus, Faustulī","Faustulus, Faustuli",Nomen,,Faustulus,1,"Hirte, der Romulus und Remus entdeckte",,,,Campus C,32,,,,,,,
felix,"fēlīx, fēlīcis","felix, felicis",,,"erfolgreich, glückbringend, glücklich",3,,,,,Campus C,38,,,,,,,
femina,"fēmina, fēminae","femina, feminae",Nomen,f,die Frau,1,,,,,Campus C,62,,,,,,,
ferre,"ferre, ferō, tulī, lātum","ferre, fero, tuli, latum",,,"bringen, tragen; ertragen",3,,,,,Campus C,70,,,,,,,Top500
ferrum,"ferrum, ferrī","ferrum, ferri",Nomen,,das Eisen; die Waffe,2,,,,,Campus C,31,,,,,,,Top500
fidem dare,fidem dare,fidem dare,,,sein Wort geben,1,,,,,Campus C,41,,,,,,,
fidem servare,fidem servāre,fidem servare,,,die Treue / sein Wort halten,1,,,,,Campus C,41,,,,,,,
fides,"fidēs, fideī","fides, fidei",Nomen,f,"der Glaube, die Treue, das Vertrauen, die Zuverlässigkeit",4,,,,,Campus C,41,,,,,,,Top500
fiducia,"fīdūcia, fīdūciae","fiducia, fiduciae",Nomen,f,das Vertrauen,1,,,,,Campus C,65,,,,,,,
filia,"fīlia, fīliae","filia, filiae",Nomen,f,die Tochter,1,,,,,Campus C,7,,,,,,,Top500
filius,"fīlius, filiī","filius, filii",Nomen,m,der Sohn,1,,,,,Campus C,9,,,,,,,Top500
finis,"fīnis, fīnis","finis, finis",Nomen,m (Genitiv Plural finium),"das Ende, die Grenze, das Ziel, der Zweck; Pl. das Gebiet",5,,,,,Campus C,30,,,,,,,Top500
flagitium,"flāgitium, flāgitiī","flagitium, flagitii",Nomen,n,"die Schandtat, die Gemeinheit",2,,,,,Campus C,65,,,,,,,
flectere,"flectere, flectō, flexī, flexum","flectere, flecto, flexi, flexum",Verb,,"biegen, (hin)lenken, umstimmen",3,,,,,Campus C,57,,,,,,,
flere,"flēre, fleō, flēvī, flētum","flere, fleo, flevi, fletum",Verb,,"weinen, beweinen",2,,,,,Campus C,5;25,,,,,,,
fluvius,"fluvius, fluviī","fluvius, fluvii",Nomen,m,der Fluss,1,,,,,Campus C,6,,,,,,,
fons,"fōns, fontis","fons, fontis",Nomen,m (Genitiv Plural fontium),"die Quelle, der Ursprung",2,,,,,Campus C,23,,,,,,,
forma,"fōrma, fōrmae","forma, formae",Nomen,f,"die Form, die Gestalt, die Schönheit",3,,,,,Campus C,62,,,,,,,
fortis,"fortis, fortis, forte","fortis, fortis, forte",Adjektiv,,"kräftig, tapfer",2,,,,,Campus C,33,,,,,,,Top500
fortuna,"fortūna, fortūnae","fortuna, fortunae",Nomen,f,"das Schicksal, das Glück",2,,,,,Campus C,35,,,,,,,Top500
forum,"forum, forī","forum, fori",Nomen,n,"das Forum, der Marktplatz",2,,,,,Campus C,11,,,,,,,
frangere,"frangere, frangō, frēgī, fractum","frangere, frango, fregi, fractum",Verb,,zerbrechen (trans.),1,,,,,Campus C,41,,,,,,,
frater,"frāter, frātris","frater, fratris",Nomen,m,der Bruder,1,,,,,Campus C,20,,,,,,,Top500
frequens,"frequēns, frequentis","frequens, frequentis",,,"häufig, zahlreich",2,,,,,Campus C,60,,,,,,,
frumentum,"frūmentum, frūmentī","frumentum, frumenti",Nomen,n,das Getreide,1,,,,,Campus C,11,,,,,,,Top500
fuga,"fuga, fugae","fuga, fugae",Nomen,f,die Flucht,1,,Musik: Fuge. Englisch: refugee – Flüchtling,,,Campus C,25,,,,,,,Top500
fugere,"fugere, fugiō, fūgī","fugere, fugio, fugi",Verb,m. Akk.,"fliehen (vor), meiden",2,,,,,Campus C,51,,,,,,,Top500
fundere,"fundere, fundō, fūdī, fūsum","fundere, fundo, fudi, fusum",Verb,,"(aus)gießen, zerstreuen",2,,,,,Campus C,50,,,,,,,
fur,"fūr, fūris","fur, furis",Nomen,m,der Dieb,1,,,,,Campus C,19,,,,,,,
furor,"furor, furōris","furor, furoris",Nomen,m,"der Wahnsinn, die Wut",2,,,,,Campus C,59,,,,,,,
Gallia,"Gallia, Galliae","Gallia, Galliae",Nomen,f,Gallien,1,,,,,Campus C,66,,,,,,,
Gallus,"Gallus, a, um","Gallus, a, um",Adjektiv,,gallisch; Subst. der Gallier,2,,,,,Campus C,42,,,,,,,
gaudere,"gaudēre, gaudeō, gavīsus sum","gaudere, gaudeo, gavisus sum",Verb,,sich freuen,1,,,,,Campus C,4,,,,,,,
gaudere (m. Abl.),gaudēre (m. Abl.),gaudere (m. Abl.),,m. Abl.,sich freuen über,1,,Gaudi,,,Campus C,28,,,,,,,
gemitus,"gemitus, gemitūs","gemitus, gemitus",Nomen,m,"das Seufzen, die Traurigkeit",2,,,,,Campus C,52,,,,,,,
gens,"gēns, gentis","gens, gentis",Nomen,f (Genitiv Plural -ium),"der Familienverband, der Stamm, das Volk",3,,,,,Campus C,47,,,,,,,Top500
genus,"genus, generis","genus, generis",Nomen,n,"die Abstammung, die Art, das Geschlecht",3,,,,,Campus C,50,,,,,,,Top500
gerere,"gerere, gerō, gessī, gestum","gerere, gero, gessi, gestum",Verb,,"ausführen, führen, tragen",3,,,,,Campus C,29;61,,,,,,,Top500
Germania,"Germānia, Germāniae","Germania, Germaniae",Nomen,f,Germanien,1,,,,,Campus C,68,,,,,,,
Germanus,"Germānus, a, um","Germanus, a, um",Adjektiv,,germanisch; Subst. Germane,2,,,,,Campus C,51,,,,,,,
gladiator,"gladiātor, gladiātōris","gladiator, gladiatoris",Nomen,m,der Gladiator,1,,,,,Campus C,22,,,,,,,
gladius,"gladius, gladiī","gladius, gladii",Nomen,m,das Schwert,1,,Gladiator = Schwertkämpfer,,,Campus C,5,,,,,,,
gloria,"glōria, glōriae","gloria, gloriae",Nomen,f,"der Ruhm, die Ehre",2,,,,,Campus C,35,,,,,,,Top500
Graecia,"Graecia, Graeciae","Graecia, Graeciae",Nomen,f,Griechenland,1,,,,,Campus C,18,,,,,,,
Graecus,"Graecus, a, um","Graecus, a, um",Adjektiv,,griechisch; Subst. der Grieche,2,,,,,Campus C,18,,,,,,,
Graecus (Adj.),"Graecus, a, um","Graecus, a, um",Adjektiv,,griechisch; Subst. der Grieche,2,,,,,Campus C,18,,,,,,,
Graecus (Subst.),"Graecus, Graecī","Graecus, Graeci",Nomen,,der Grieche,1,,,,,Campus C,18,,,,,,,
gratia,"grātia, grātiae","gratia, gratiae",Nomen,f,der Dank,1,,,,,Campus C,6,,,,,,,Top500
gratiam habere,grātiam habēre,gratiam habere,,,"danken, dankbar sein",2,,,,,Campus C,6,,,,,,,
gravis,"gravis, gravis, grave","gravis, gravis, grave",,,schwer,1,,,,,Campus C,54,,,,,,,Top500
habere,"habēre, habeō, habuī, habitum","habere, habeo, habui, habitum",Verb,,"haben, halten",2,,,,,Campus C,6,,,,,,,Top500
habitare,"habitāre, habitō, habitāvī, habitātum","habitare, habito, habitavi, habitatum",Verb,,"wohnen, bewohnen",2,,,,,Campus C,10,,,,,,,
haerere,"haerēre, haereō, haesī","haerere, haereo, haesi",Verb,,"hängen, stecken bleiben",2,,,,,Campus C,42,,,,,,,
Hamilcar,"Hamilcar, Hamilcaris","Hamilcar, Hamilcaris",Nomen,m,Hamilkar (Vater Hannibals),1,,,,,Campus C,43,,,,,,,
Hannibal,"Hannibal, Hannibalis","Hannibal, Hannibalis",Nomen,m,"Hannibal (karthagischer Feldherr, 247–183 v. Chr.)",2,,,,,Campus C,43,,,,,,,
Hercules,"Herculēs, Herculis","Hercules, Herculis",Nomen,m,Herkules,1,Sagenhafter Held,,,,Campus C,27,,,,,,,
heri,herī,heri,Adverb,Adv.,gestern,1,,,,,Campus C,20,,,,,,,
hic,"hic, haec, hoc","hic, haec, hoc",,,"dieser, diese, dieses (hier); folgender",4,,,,,Campus C,40,,,,,,,Top500
hic (Adv.),hīc,hic,Adverb,,hier,1,,,,,Campus C,3,,,,,,,Top500
Hispania,"Hispānia, Hispāniae","Hispania, Hispaniae",Nomen,f,Spanien (seit 197 v. Chr. röm. Provinz)XV.,1,,,,,Campus C,51,,,,,,,
hodie,hodiē,hodie,Adverb,Adv.,heute,1,,,,,Campus C,11,,,,,,,
homo,"homō, hominis","homo, hominis",Nomen,m,der Mensch,1,,,,,Campus C,23,,,,,,,Top500
honestus,"honestus, a, um","honestus, a, um",Adjektiv,,"ehrenhaft, angesehen",2,,,,,Campus C,29,,,,,,,
honor,"honor, honōris","honor, honoris",Nomen,m,"die Ehre, das Ehrenamt",2,,,,,Campus C,18,,,,,,,Top500
hora,"hōra, hōrae","hora, horae",Nomen,,die Stunde,1,,,,,Campus C,14,,,,,,,
hostia,"hostia, hostiae","hostia, hostiae",Nomen,f,"das Opfertier, das Schlachtopfer",2,,,,,Campus C,50,,,,,,,
hostis,"hostis, hostis","hostis, hostis",Nomen,m (Genitiv Plural hostium),der Feind (Landesfeind),1,,,,,Campus C,35,,,,,,,Top500
huc,hūc,huc,Adverb,Adv.,hierher,1,,,,,Campus C,47,,,,,,,Top500
iacere,"iacēre, iaceō, iacuī","iacere, iaceo, iacui",Verb,,liegen,1,,,,,Campus C,26,,,,,,,
iam,iam,iam,Adverb,Adv.,"schon, bereits; nun",3,,,,,Campus C,4,,,,,,,Top500
ibi,ibī,ibi,Adverb,Adv.,dort,1,,,,,Campus C,3,,,,,,,Top500
Icarus,"Īcarus, Īcarī","Icarus, Icari",Nomen,,Ikarus (Sohn des Dädalus),1,,,,,Campus C,55,,,,,,,
idem,"īdem, eadem, idem","idem, eadem, idem",,,"derselbe, der gleiche",2,,,,,Campus C,42,,,,,,,Top500
idem ... qui,īdem ... quī,idem ... qui,,,derselbe ... wie,1,,,,,Campus C,42,,,,,,,
idoneus,"idōneus, a, um","idoneus, a, um",Adjektiv,,"geeignet, passend",2,,,,,Campus C,34,,,,,,,
igitur,igitur,igitur,Adverb,Adv.,"also, folglich",2,,,,,Campus C,52,,,,,,,Top500
ignoscere,"īgnōscere, īgnōscō, īgnōvī","ignoscere, ignosco, ignovi",Verb,,verzeihen,1,,,,,Campus C,40,,,,,,,
ignotus,"īgnōtus, a, um","ignotus, a, um",Adjektiv,,unbekannt,1,,,,,Campus C,45,,,,,,,
ille,"ille, illa, illud","ille, illa, illud",,,"jener, jene, jenes; der (dort); jener berühmte",5,,,,,Campus C,40,,,,,,,Top500
immo,immō,immo,Adverb,Adv.,"im Gegenteil, ja sogar",2,,,,,Campus C,58,,,,,,,
immortalis,"immortālis, immortālis, immortāle","immortalis, immortalis, immortale",,,unsterblich,1,,,,,Campus C,43,,,,,,,
impedire,"impedīre, impediō, impedīvī, impedītum","impedire, impedio, impedivi, impeditum",Verb,,"hindern, verhindern",2,,,,,Campus C,46,,,,,,,
impellere,"impellere, impellō, impulī, impulsum","impellere, impello, impuli, impulsum",Verb,,"antreiben, veranlassen",2,,,,,Campus C,61,,,,,,,
imperare,"imperāre, imperō, imperāvī, imperātum","imperare, impero, imperavi, imperatum",Verb,,"befehlen, herrschen (über)",2,,,,,Campus C,9,,,,,,,Top500
imperator,"imperātor, imperātōris","imperator, imperatoris",Nomen,m,"der Befehlshaber, der Feldherr, der Kaiser",3,,,,,Campus C,18,,,,,,,Top500
imperium,"imperium, imperiī","imperium, imperii",Nomen,n,"der Befehl, die Herrschaft, das Reich",3,,,,,Campus C,14,,,,,,,Top500
impetus,"impetus, impetūs","impetus, impetus",Nomen,m,"der Angriff, der Schwung",2,,,,,Campus C,64,,,,,,,
impius,"impius, a, um","impius, a, um",Adjektiv,,"gottlos, gewissenlos",2,,,,,Campus C,61,,,,,,,
improbus,"improbus, a, um","improbus, a, um",Adjektiv,,"schlecht, unanständig",2,,,,,Campus C,69,,,,,,,
in (m. Abl.),in (m. Abl.),in (m. Abl.),Präposition,,"in, an, auf, bei",4,Frage: Wo?,,,,Campus C,1,,,,,,,Top500
in (m. Akk.),in (m. Akk.),in (m. Akk.),Präposition,,"in (... hinein), nach",2,Frage: Wohin?,,,,Campus C,12,,,,,,,Top500
in animo habere,in animō habēre,in animo habere,,,"im Sinn haben, vorhaben",2,,,,,Campus C,19,,,,,,,
in honore esse,in honōre esse,in honore esse,,,"in Ehren stehen, angesehen sein",2,,,,,Campus C,18,,,,,,,
in vincula dare,in vincula dare,in vincula dare,,,"fesseln, gefangen nehmen",2,,,,,Campus C,58,,,,,,,
inanis,"inānis, inānis, ināne","inanis, inanis, inane",Adjektiv,,"leer, wertlos",2,,,,,Campus C,35,,,,,,,
incertus,"incertus, a, um","incertus, a, um",Adjektiv,,"ungewiss, unsicher",2,,,,,Campus C,69,,,,,,,
incipere,"incipere, incipiō, coepī (incēpī), inceptum","incipere, incipio, coepi (incepi), inceptum",Verb,,"anfangen, beginnen",2,,,,,Campus C,64,,,,,,,Top500
inde,inde,inde,Adverb,Adv.,von dort; darauf; deshalb,3,,,,,Campus C,69,,,,,,,Top500
indicare,"indicāre, indicō, indicāvī, indicātum","indicare, indico, indicavi, indicatum",Verb,,"anzeigen, melden",2,,,,,Campus C,12,,,,,,,
infelix,"īnfēlīx, īnfēlīcis","infelix, infelicis",,,unglücklich,1,,,,,Campus C,65,,,,,,,
inferi,"īnferī, īnferōrum","inferi, inferorum",Nomen,m Plural,"die Bewohner der Unterwelt, Unterwelt",2,,,,,Campus C,58,,,,,,,
inferre,"īnferre, īnferō, intulī, illātum","inferre, infero, intuli, illatum",,,"hineintragen, zufügen",2,,,,,Campus C,70,,,,,,,Top500
ingenium,"ingenium, ingeniī","ingenium, ingenii",Nomen,n,"die Begabung, das Talent, der Verstand",3,,"Ingenieur, Genie",,,Campus C,11,,,,,,,Top500
ingens,"ingēns, ingentis","ingens, ingentis",,,"gewaltig, ungeheuer",2,,,,,Campus C,45,,,,,,,Top500
inire,"inīre, ineō, iniī","inire, ineo, inii",Verb,,"hineingehen (in), beginnen",2,,,,,Campus C,37,,,,,,,
iniuria,"iniūria, iniūriae","iniuria, iniuriae",Nomen,f,"das Unrecht, die Beleidigung; die Rechtsverletzung",3,,,,,Campus C,9,,,,,,,Top500
insidiae,"īnsidiae, īnsidiārum","insidiae, insidiarum",Nomen,f Plural,"die Falle, das Attentat, die Hinterlist",3,,,,,Campus C,44,,,,,,,Top500
instare,"īnstare, īnstō, īnstitī","instare, insto, institi",Verb,,"bevorstehen, hart zusetzen; drohen",3,,,,,Campus C,65,,,,,,,
insula,"īnsula, īnsulae","insula, insulae",Nomen,f,die Insel; der Wohnblock,2,,,,,Campus C,7,,,,,,,
intellegere,"intellegere, intellegō, intellēxi, intellēctum","intellegere, intellego, intellexi, intellectum",Verb,,"(be)merken, verstehen",2,,,,,Campus C,66,,,,,,,Top500
inter,inter (m. Akk.),inter (m. Akk.),Präposition,Präp. m. Akk.,"unter, während, zwischen",3,,,,,Campus C,39,,,,,,,Top500
interficere,"interficere, interficiō, interfēcī, interfectum","interficere, interficio, interfeci, interfectum",Verb,,"töten, vernichten",2,,,,,Campus C,22;27;49,,,,,,,Top500
interrogare,"interrogāre, interrogō, interrogāvī, interrogātum","interrogare, interrogo, interrogavi, interrogatum",Verb,,fragen,1,,,,,Campus C,39,,,,,,,
intra,intrā (m. Akk.),intra (m. Akk.),Präposition,Präp. m. Akk.,innerhalb (von),1,,,,,Campus C,42,,,,,,,
intrare,"intrāre, intrō, intrāvī","intrare, intro, intravi",Verb,,"betreten, eintreten",2,,,,,Campus C,8,,,,,,,
intus,intus,intus,Adverb,Adv.,"im Inneren, innen",2,,,,,Campus C,63,,,,,,,
invenire,"invenīre, inveniō, invēnī, inventum","invenire, invenio, inveni, inventum",Verb,,"finden, erfinden",2,,,,,Campus C,13;27;48,,,,,,,Top500
invitus,"invītus, a, um","invitus, a, um",Adjektiv,,"ungern, gegen den Willen",2,,,,,Campus C,60,,,,,,,
Iocasta,Iocasta,Iocasta,,,"Iokaste (Mutter des Ödipus, Frau des Laios; heiratete nach dem Tod des Laios in Unwissenheit den eigenen Sohn)",3,,,,,Campus C,59,,,,,,,
ipse,"ipse, ipsa, ipsum","ipse, ipsa, ipsum",,"Genitiv ipsīus, Dativ ipsī","(er, sie, es) selbst; persönlich; gerade; sogar (hervorhebend)",6,,,,,Campus C,56,,,,,,,Top500
ira,"īra, īrae","ira, irae",Nomen,f,"der Zorn, die Wut",2,,,,,Campus C,46,,,,,,,
ire,"īre, eō, iī, itum","ire, eo, ii, itum",Verb,,gehen,1,,,,,Campus C,37,,,,,,,Top500
is,"is, ea, id","is, ea, id",Pronomen,,"dieser, diese, dieses; er, sie, es",6,,,,,Campus C,26,,,,,,,Top500
iste,"iste, ista, istud","iste, ista, istud",,"Genitiv istius, Dativ isti","dieser, diese, dieses (da)",3,,,,,Campus C,60,,,,,,,Top500
ita,ita,ita,Adverb,Adv.,so,1,,,,,Campus C,13,,,,,,,Top500
Italia,"Italia, Italiae","Italia, Italiae",Nomen,f,Italien,1,,,,,Campus C,31;43;51,,,,,,,
itaque,itaque,itaque,Adverb,,deshalb,1,,,,,Campus C,5,,,,,,,Top500
item,item,item,Adverb,Adv.,"ebenso, gleichfalls",2,,,,,Campus C,67,,,,,,,Top500
iter,"iter, itineris","iter, itineris",Nomen,n,"die Reise, der Marsch, der Weg",3,,,,,Campus C,44,,,,,,,Top500
iterum,iterum,iterum,Adverb,Adv.,"wiederum, zum zweiten Mal",2,,iterum reimt sich mit wiederum,,,Campus C,5,,,,,,,
iubere,"iubēre, iubeō, iussī, iussum","iubere, iubeo, iussi, iussum",Verb,m. Akk.,"anordnen, befehlen",2,,,,,Campus C,57,,,,,,,Top500
iudex,"iūdex, iūdicis","iudex, iudicis",Nomen,m,der Richter,1,,,,,Campus C,46,,,,,,,Top500
Iuppiter,"Iuppiter, Iovis","Iuppiter, Iovis",Nomen,m,Jupiter,1,Griech. Zeus; Göttervater und höchster Gott der Römer,,,,Campus C,21,,,,,,,
iurare,"iūrāre, iūrō","iurare, iuro",Verb,,schwören,1,,,,,Campus C,43,,,,,,,
iuvare,"iuvāre, iuvō, iūvī","iuvare, iuvo, iuvi",Verb,m. Akk.,"unterstützen, helfen; erfreuen",3,,,,,Campus C,53,,,,,,,
iuvenis (Adj.),"iuvenis, iuvenis, iuvene","iuvenis, iuvenis, iuvene",Adjektiv,,jung,1,,,,,Campus C,32,,,,,,,
iuvenis (Subst.),"iuvenis, iuvenis","iuvenis, iuvenis",Nomen,m/f,"der junge Mann, die junge Frau",2,,,,,Campus C,32,,,,,,,
iuventus,"iuventūs, iuventūtis","iuventus, iuventutis",Nomen,f,die Jugend,1,,,,,Campus C,40,,,,,,,
labor,"labor, labōris","labor, laboris",Nomen,m,"die Arbeit, die Anstrengung",2,,,,,Campus C,27,,,,,,,Top500
laborare,"labōrāre, labōrō, labōrāvī, labōrātum","laborare, laboro, laboravi, laboratum",Verb,,"arbeiten, sich anstrengen",2,,,,,Campus C,8,,,,,,,
laborare (m. Abl.),labōrāre (m. Abl.),laborare (m. Abl.),Verb,m. Abl.,"leiden an, in Not / Sorge sein wegen",2,,,,,Campus C,28,,,,,,,
lacrima,"lacrima, lacrimae","lacrima, lacrimae",Nomen,f,die Träne,1,,,,,Campus C,7,,,,,,,Top500
laedere,"laedere, laedō, laesī, laesum","laedere, laedo, laesi, laesum",Verb,,"beschädigen, verletzen, beleidigen",3,,,,,Campus C,48,,,,,,,
laetitia,"laetitia, laetitiae","laetitia, laetitiae",Nomen,f,die Freude,1,,,,,Campus C,7,,,,,,,
laetus,"laetus, a, um","laetus, a, um",Adjektiv,,froh; fruchtbar,2,,,,,Campus C,52,,,,,,,
Laius,Lāius,Laius,,,"Laios (König von Theben, Vater des Ödipus; wurde von seinem Sohn, der ihn nicht erkannt hatte, im Affekt erschlagen.)",5,,,,,Campus C,59,,,,,,,
Laocoon,"Lāocoōn, Lāocoontis","Laocoon, Laocoontis",Nomen,m,Laokoon,1,Trojanischer Priester,,,,Campus C,29,,,,,,,
latere,"latēre, lateō, latuī","latere, lateo, latui",Verb,,verborgen sein,1,,,,,Campus C,5,,,,,,,
Latini,"Latīnī, Latīnōrum","Latini, Latinorum",Nomen,m Plural,die Latiner,1,Volksstamm in Italien,,,,Campus C,31,,,,,,,
Latinus,"Latīnus, Latīnī","Latinus, Latini",Nomen,,Latinus,1,König der Latiner,,,,Campus C,31,,,,,,,
Latona,"Lātōna, Lātōnae","Latona, Latonae",Nomen,f,Latona (griech. Leto; Göttin. War von Jupiter Mutter des Apollo und der Diana.),2,,,,,Campus C,56,,,,,,,
latus,"latus, a, um","latus, a, um",Adjektiv,,breit,1,,,,,Campus C,55,,,,,,,
laudare,"laudāre, laudō, laudāvī, laudātum","laudare, laudo, laudavi, laudatum",Verb,,loben,1,,,,,Campus C,8,,,,,,,Top500
legatus,lēgātus,legatus,,,"Gesandter, Bevollmächtigter",2,,,,,Campus C,40,,,,,,,Top500
legere,"legere, legō, lēgī, lēctum","legere, lego, legi, lectum",Verb,,lesen; auswählen,2,,,,,Campus C,62,,,,,,,Top500
legio,"legiō, legiōnis","legio, legionis",Nomen,f,die Legion (ca. 5000-6000 Mann),1,,,,,Campus C,51,,,,,,,Top500
leo,"leō, leōnis","leo, leonis",Nomen,m,der Löwe,1,,,,,Campus C,23,,,,,,,
lex,"lēx, lēgis","lex, legis",Nomen,f,"das Gesetz, die Bedingung",2,,,,,Campus C,36,,,,,,,Top500
libellus,"libellus, libellī","libellus, libelli",Nomen,,"das kleine Buch, das Heft",2,,,,,Campus C,39,,,,,,,
libenter,libenter,libenter,Adverb,Adv.,gerne,1,,,,,Campus C,8,,,,,,,
liber,"līber, lībera, līberum","liber, libera, liberum",Adjektiv,,frei,1,,,,,Campus C,15,,,,,,,Top500
liberare,"līberāre, līberō, līberāvī, līberātum","liberare, libero, liberavi, liberatum",Verb,,"befreien, freilassen",2,,,,,Campus C,13,,,,,,,
liberi,"līberī, līberōrum","liberi, liberorum",Nomen,m Plural,die Kinder,1,,,,,Campus C,26,,,,,,,Top500
liberN,"liberN, librī","liberN, libri",Nomen,m,das Buch,1,,,,,Campus C,62,,,,,,,Top500
libertas,"lībertās, lībertātis","libertas, libertatis",Nomen,f,die Freiheit,1,,,,,Campus C,20,,,,,,,Top500
licet,licet,licet,Verb,,"es ist erlaubt, es ist möglich",2,,,,,Campus C,18,,,,,,,Top500
lingua,"lingua, linguae","lingua, linguae",Nomen,,"die Sprache, die Rede",2,,,,,Campus C,3,,,,,,,
litus,"lītus, lītoris","litus, litoris",Nomen,n,"die Küste, der Strand",2,,,,,Campus C,54,,,,,,,Top500
Livia,"Līvia, Līviaef","Livia, Liviaef",,,Livia (Frau des Augustus),1,,,,,Campus C,63,,,,,,,
Livius,"Līvius, Līviī","Livius, Livii",Nomen,,Titus Livius,1,Röm. Geschichtsschreiber,,,,Campus C,34,,,,,,,
locare,"locāre, locō, locāvī, locātum","locare, loco, locavi, locatum",Verb,,"aufstellen, setzen; vermieten",3,,,,,Campus C,68,,,,,,,
locus,"locus, locī","locus, loci",Nomen,m,"der Ort, der Platz, die Stelle",3,,,,,Campus C,33,,,,,,,Top500
longus,"longus, a, um","longus, a, um",Adjektiv,,"lang, weit",2,,,,,Campus C,50,,,,,,,Top500
ludus,"lūdus, lūdī","ludus, ludi",Nomen,m,das Spiel; die Schule,2,,,,,Campus C,10,,,,,,,
lux,"lūx, lūcis","lux, lucis",Nomen,f,"das Licht, das Tageslicht",2,,,,,Campus C,25,,,,,,,Top500
luxuria,"luxuria, luxuriae","luxuria, luxuriae",Nomen,f,"der Luxus, der Prunk",2,,,,,Campus C,62,,,,,,,
Macedones,"Macedōnēs, Macedōnum","Macedones, Macedonum",Nomen,m Plural,die Makedonen (Bewohner der Landschaft im Norden Griechenlands und des heutigen Mazedonien),1,,,,,Campus C,39;40;47,,,,,,,
magis,magis,magis,Adverb,,mehr,1,,,,,Campus C,17,,,,,,,Top500
magister,"magister, magistrī","magister, magistri",Nomen,m,"der Lehrer, der Meister",2,,,,,Campus C,15,,,,,,,
magistratus,"magistrātus, magistrātūs","magistratus, magistratus",Nomen,m,"das Amt, der Beamte",2,,,,,Campus C,69,,,,,,,
magnitudo,"magnitūdō, magnitūdinis","magnitudo, magnitudinis",Nomen,f,die Größe,1,,,,,Campus C,23,,,,,,,Top500
magnus,"magnus, a, um","magnus, a, um",Adjektiv,,"groß, bedeutend",2,,,,,Campus C,14,,,,,,,Top500
malle,"mālle, mālō, māluī","malle, malo, malui",Verb,,lieber wollen,1,,,,,Campus C,19;25,,,,,,,
malus,"malus, a, um","malus, a, um",Adjektiv,,"schlecht, schlimm",2,,,,,Campus C,24,,,,,,,Top500
manere,"manēre, maneō, mānsī","manere, maneo, mansi",Verb,,"bleiben, (er)warten",2,,,,,Campus C,12;27,,,,,,,Top500
manus,"manus, manūs","manus, manus",Nomen,f,die Hand; die Schar (von Bewaffneten),2,,,,,Campus C,52,,,,,,,Top500
mare,"mare, maris","mare, maris",Nomen,"n (Abl. Sg. -ī, Nom. / Akk. Plural -ia, Genitiv Plural -ium)",das Meer,1,,,,,Campus C,51,,,,,,,Top500
maritus,"marītus, marītī","maritus, mariti",Nomen,m,der Ehemann,1,,Englisch: to marry – heiraten,,,Campus C,30,,,,,,,
Mars,"Mārs, Mārtis","Mars, Martis",Nomen,m,Mars (röm. Kriegsgott),1,,,,,Campus C,58,,,,,,,
mater,"māter, mātris","mater, matris",Nomen,f,die Mutter,1,,,,,Campus C,20,,,,,,,Top500
maxime,maximē,maxime,Adverb,Adv.,"am meisten, besonders",2,,,,,Campus C,34,,,,,,,
maximus,"maximus, a, um","maximus, a, um",Adjektiv,,"der größte, sehr groß",2,,,,,Campus C,39,,,,,,,
me,mē,me,Pronomen,Akk.,mich,1,,,,,Campus C,13,,,,,,,
mecum,mēcum,mecum,Pronomen,,mit mir,1,,,,,Campus C,13,,,,,,,
medius,"medius, a, um","medius, a, um",Adjektiv,,"der mittlere, in der Mitte (von)",2,,,,,Campus C,53,,,,,,,Top500
memoria,"memoria, memoriae","memoria, memoriae",Nomen,f,"die Erinnerung, das Gedächtnis; die Zeit",3,,,,,Campus C,62,,,,,,,Top500
mens,"mēns, mentis","mens, mentis",Nomen,f (Genitiv Plural -ium),"der Geist, der Sinn, der Verstand; dieMeinung",4,,,,,Campus C,67,,,,,,,Top500
mensa,"mēnsa, mēnsae","mensa, mensae",Nomen,,der (Ess-)Tisch,1,,,,,Campus C,8,,,,,,,
mercator,"mercātor, mercātōris","mercator, mercatoris",Nomen,m,"der Kaufmann, der Händler",2,,,,,Campus C,18,,,,,,,
Mercurius,"Mercurius, Mercuriī","Mercurius, Mercurii",Nomen,m,Merkur,1,Götterbote,,,,Campus C,21,,,,,,,
metuere,"metuere, metuo, metui","metuere, metuo, metui",Verb,,(sich) fürchten,1,,,,,Campus C,60,,,,,,,
metus,"metus, metūs","metus, metus",Nomen,m,die Angst,1,,,,,Campus C,52,,,,,,,Top500
meus,"meus, a, um","meus, a, um",Adjektiv,,mein,1,,,,,Campus C,14,,,,,,,Top500
mihi,mihi,mihi,Pronomen,Dativ,mir,1,,,,,Campus C,13,,,,,,,
miles,"mīles, mīlitis","miles, militis",Nomen,m,der Soldat,1,,Militär,,,Campus C,32,,,,,,,Top500
militaris,"mīlitāris, mīlitāris, mīlitāre","militaris, militaris, militare",,,militärisch,1,,,,,Campus C,68,,,,,,,
mille,mīlle,mille,,Sg. indekl.,tausend,1,,,,,Campus C,51,,,,,,,Top500
Minerva,"Minerva, Minervae","Minerva, Minervae",Nomen,,Minerva,1,Göttin der Weisheit,,,,Campus C,21,,,,,,,
minime,minimē,minime,Adverb,Adv.,"am wenigsten, überhaupt nicht",2,,,,,Campus C,70,,,,,,,
Minotaurus,"Mīnōtaurus, Mīnōtaurī","Minotaurus, Minotauri",Nomen,m,"Minotaurus (Sohn der Pasiphaë. Von einem Stier gezeugt, daher halb Mensch und halb Stier)",2,,,,,Campus C,55,,,,,,,
mirus,"mīrus, a, um","mirus, a, um",Adjektiv,,"erstaunlich, sonderbar",2,,,,,Campus C,24,,,,,,,
miser,"miser, misera, miserum","miser, misera, miserum",Adjektiv,,"arm, erbärmlich, unglücklich",3,,,,,Campus C,15,,,,,,,Top500
mittere,"mittere, mittō, mīsī, missum","mittere, mitto, misi, missum",Verb,,"(los)lassen, schicken, werfen",3,,,,,Campus C,16;27;48,,,,,,,Top500
modestia,"modestia, modestiae","modestia, modestiae",Nomen,f,"die Bescheidenheit, der Anstand",2,,,,,Campus C,9,,,,,,,
modus,"modus, modī","modus, modi",Nomen,m,"die Art, die Weise; das Maß",3,,,,,Campus C,58,,,,,,,Top500
moenia,"moenia, moenium","moenia, moenium",Nomen,n Plural,"die Mauern, die Stadtmauern",2,,,,,Campus C,51,,,,,,,
monere,"monēre, moneō, monuī, monitum","monere, moneo, monui, monitum",Verb,,"mahnen, ermahnen",2,,,,,Campus C,2;47,,,,,,,
mons,"mōns, montis","mons, montis",Nomen,m (Genitiv Plural montium),der Berg,1,,,,,Campus C,23,,,,,,,Top500
monstrum,"mōnstrum, mōnstrī","monstrum, monstri",Nomen,n,das Ungeheuer,1,,,,,Campus C,24,,,,,,,
monumentum,"monumentum, monumentī","monumentum, monumenti",Nomen,n,das Denkmal,1,,,,,Campus C,30,,,,,,,
mora,"mora, morae","mora, morae",Nomen,f,"der Aufenthalt, der Verzögerung",2,,,,,Campus C,55,,,,,,,
mors,"mors, mortis","mors, mortis",Nomen,f (Genitiv Plural mortium),der Tod,1,,,,,Campus C,22,,,,,,,Top500
mortalis,"mortālis, mortālis, mortāle","mortalis, mortalis, mortale",,,sterblich; Subst. der Mensch,2,,,,,Campus C,55,,,,,,,
mortuus,"mortuus, a, um","mortuus, a, um",Adjektiv,,"gestorben, tot; Subst. der Tote",3,,,,,Campus C,21,,,,,,,
mortuus (Adj.),"mortuus, a, um","mortuus, a, um",Adjektiv,,"gestorben, tot",2,,,,,Campus C,21,,,,,,,
mortuus (Subst.),"mortuus, mortuī","mortuus, mortui",Nomen,,der Tote,1,,,,,Campus C,21,,,,,,,
mos,"mōs, mōris","mos, moris",Nomen,m,"die Sitte, der Brauch; Pl. der Charakter",3,,,,,Campus C,36,,,,,,,Top500
movere,"movēre, moveō, mōvī, mōtum","movere, moveo, movi, motum",Verb,,"bewegen, beeindrucken",2,,,,,Campus C,7;27;55,,,,,,,Top500
mox,mox,mox,Adverb,Adv.,bald,1,,,,,Campus C,7,,,,,,,Top500
mulier,"mulier, mulieris","mulier, mulieris",Nomen,f,die Frau,1,,,,,Campus C,19,,,,,,,Top500
multa,"multa, ōrum","multa, orum",Nomen,n Plural,viel(es),1,,,,,Campus C,38,,,,,,,
multitudo,"multitūdō, multitūdinis","multitudo, multitudinis",Nomen,f,"die große Zahl, die Menge",2,,,,,Campus C,23,,,,,,,Top500
multum,multum,multum,Adverb,Adv.,"sehr, viel",2,,,,,Campus C,34,,,,,,,
multum valere,multum valēre,multum valere,,,großen Einfluss haben,1,,,,,Campus C,34,,,,,,,
multus,"multus, a, um","multus, a, um",Adjektiv,,viel,1,,,,,Campus C,14,,,,,,,Top500
munire,"mūnīre, mūniō, mūnīvī, mūnītum","munire, munio, munivi, munitum",Verb,,"bauen, befestigen, schützen",3,,,,,Campus C,31,,,,,,,
munitio,"mūnītiō, mūnītiōnis","munitio, munitionis",Nomen,f,"der Bau, die Befestigung",2,,,,,Campus C,69,,,,,,,
munus,"munus, muneris","munus, muneris",Nomen,n,das Geschenk; die Aufgabe,2,,,,,Campus C,65,,,,,,,Top500
murus,"mūrus, mūrī","murus, muri",Nomen,m,die Mauer,1,,,,,Campus C,1,,,,,,,
mutare,"mūtāre, mūtō, mūtāvī, mūtātum","mutare, muto, mutavi, mutatum",Verb,,"(ver)ändern, verwandeln",2,,,,,Campus C,41,,,,,,,
nam,nam,nam,Subjunktion,,"denn, nämlich",2,,,,,Campus C,3,,,,,,,Top500
narrare,"narrāre, narrō, narrāvī, narrātum","narrare, narro, narravi, narratum",Verb,,erzählen,1,,,,,Campus C,14,,,,,,,
natio,"nātiō, nātiōnis","natio, nationis",Nomen,f,"das Volk, der Volksstamm",2,,,,,Campus C,23,,,,,,,
natura,"nātūra, nātūrae","natura, naturae",Nomen,f,"die Natur, das Wesen, die Beschaffenheit",3,,,,,Campus C,6,,,,,,,Top500
navigium,"nāvigium, nāvigii","navigium, navigii",Nomen,n,das Schiff,1,,,,,Campus C,46,,,,,,,
navis,"nāvis, nāvis","navis, navis",Nomen,"f (Abl. Sg. -ī, Genitiv Plural -ium)",das Schiff,1,,,,,Campus C,51,,,,,,,Top500
ne,nē,ne,Subjunktion,Subj. m. Konj.,"dass nicht; (nach Ausdrücken des Fürchtens und Hinderns) dass; damit nicht, um nicht zu m. Inf.",4,,,,,Campus C,45;59,,,,,,,Top500
ne ... quidem,nē ... quidem,ne ... quidem,,,nicht einmal,1,,,,,Campus C,44,,,,,,,Top500
necare,"necāre, necō, necāvī, necātum","necare, neco, necavi, necatum",Verb,,töten,1,,,,,Campus C,60,,,,,,,
necessarius,"necessarius, necessāria, necessārium","necessarius, necessaria, necessarium",Adjektiv,,notwendig,1,,,,,Campus C,67,,,,,,,
necesse (est),necesse (est),necesse (est),,,(es ist) notwendig,1,,,,,Campus C,61,,,,,,,
nefarius,"nefārius, a, um","nefarius, a, um",Adjektiv,,"gottlos, verbrecherisch",2,,,,,Campus C,56,,,,,,,
negare,"negāre, negō, negāvī, negātum","negare, nego, negavi, negatum",Verb,,"leugnen, verneinen, verweigern",3,,,,,Campus C,45,,,,,,,Top500
neglegere,"neglegere, neglegō, neglēxī, neglēctum","neglegere, neglego, neglexi, neglectum",Verb,,"nicht (be)achten, vernachlässigen",2,,,,,Campus C,41,,,,,,,
negotium,"negōtium, negōtiī","negotium, negotii",Nomen,n,"die Aufgabe, das Geschäft; die Angelegenheit",3,,,,,Campus C,22,,,,,,,
nemo,"nēmō, nēminis","nemo, neminis",,,niemand,1,,,,,Campus C,38,,,,,,,Top500
Neptunus,"Neptūnus, Neptūnī","Neptunus, Neptuni",Nomen,,Neptun (Gott des Meeres),1,,,,,Campus C,21,,,,,,,
neque,neque,neque,Subjunktion,,"und nicht, auch nicht",2,,,,,Campus C,3,,,,,,,Top500
neque ... neque,neque ... neque,neque ... neque,Subjunktion,,weder ... noch,1,,,,,Campus C,3,,,,,,,Top500
nescire,"nescīre, nesciō, nescīvī","nescire, nescio, nescivi",Verb,,"nicht wissen, nicht kennen, nicht verstehen",3,,,,,Campus C,10,,,,,,,Top500
niger,"niger, nigra, nigrum","niger, nigra, nigrum",Adjektiv,,"schwarz, dunkel",2,,,,,Campus C,15,,,,,,,
nihil,nihil,nihil,Adverb,,nichts,1,,,,,Campus C,10,,,,,,,Top500
Nioba,"Nioba, Niobae","Nioba, Niobae",Nomen,f,Niobe (Königin von Theben; Tochter des Tantalus),2,,,,,Campus C,56,,,,,,,
nisi,nisī,nisi,Subjunktion,Subj.,wenn nicht,1,,,,,Campus C,23,,,,,,,Top500
nobis,nōbīs,nobis,Pronomen,Dativ,uns,1,,,,,Campus C,13,,,,,,,
nobiscum,nōbīscum,nobiscum,Pronomen,,mit uns,1,,,,,Campus C,13,,,,,,,
nocte,nocte,nocte,Adverb,,nachts,1,,,,,Campus C,28,,,,,,,
nolle,"nōlle, nōlō, nōluī","nolle, nolo, nolui",Verb,,nicht wollen,1,,,,,Campus C,19;25,,,,,,,Top500
nomen,"nōmen, nōminis","nomen, nominis",Nomen,n,der Name,1,,,,,Campus C,49,,,,,,,Top500
nominare,"nōmināre, nōminō, nōmināvī, nōminātum","nominare, nomino, nominavi, nominatum",Verb,,nennen,1,,,,,Campus C,63,,,,,,,
non,nōn,non,Adverb,,nicht,1,,,,,Campus C,2,,,,,,,Top500
non iam,nōn iam,non iam,Adverb,,nicht mehr,1,,,,,Campus C,4,,,,,,,Top500
nondum,nōndum,nondum,Adverb,Adv.,noch nicht,1,,,,,Campus C,25,,,,,,,
nonne,nōnne?,nonne?,,,(etwa) nicht?,1,,,,,Campus C,17,,,,,,,
nonne?,nōnne?,nonne?,,,(etwa) nicht?,1,,,,,Campus C,17,,,,,,,
nonnulli,"nōnnūllī, ae, a","nonnulli, ae, a",,,"einige, manche",2,,,,,Campus C,63,,,,,,,
nos,nōs,nos,Pronomen,Nom. / Akk.,wir / uns,1,,,,,Campus C,13,,,,,,,Top500
noscere,"nōscere, nōscō, nōvī, nōtum","noscere, nosco, novi, notum",Verb,,"erkennen, kennenlernen",2,,,,,Campus C,38,,,,,,,Top500
noster,"noster, nostra, nostrum","noster, nostra, nostrum",Adjektiv,,unser,1,,,,,Campus C,15,,,,,,,Top500
novem,novem,novem,,indekl.,neun,1,,,,,Campus C,33,,,,,,,
novi,nōvī,novi,,Perf.,"ich kenne, ich weiß",2,,,,,Campus C,38,,,,,,,
novus,"novus, a, um","novus, a, um",Adjektiv,,"neu, ungewöhnlich",2,,,,,Campus C,14,,,,,,,Top500
nox,"nox, noctis","nox, noctis",Nomen,f (Genitiv Plural noctium),die Nacht,1,,,,,Campus C,25,,,,,,,Top500
nubere,"nūbere, nūbō, nūpsī, nūptum","nubere, nubo, nupsi, nuptum",Verb,m. Dativ,heiraten,1,,,,,Campus C,57,,,,,,,
nullus,"nūllus, a, um","nullus, a, um",Adjektiv,"Genitiv nūllīus, Dativ nūllī",kein,1,,,,,Campus C,49,,,,,,,Top500
num?,num?,num?,Nomen,im Hauptsatz,etwa?,1,,,,,Campus C,42,,,,,,,
numen,"nūmen, nūminis","numen, numinis",Nomen,n,"die Gottheit, der göttliche Wille, die Macht",3,,,,,Campus C,64,,,,,,,
numerus,"numerus, numerī","numerus, numeri",Nomen,m,"die Zahl, die Menge",2,,,,,Campus C,51,,,,,,,Top500
Numitor,"Numitor, Numitōris","Numitor, Numitoris",Nomen,m,Numitor,1,"König von Alba, Großvater von Romulus und Remus",,,,Campus C,33,,,,,,,
numquam,numquam,numquam,Adverb,Adv.,niemals,1,,,,,Campus C,4,,,,,,,Top500
nunc,nunc,nunc,Adverb,Adv.,"nun, jetzt",2,,,,,Campus C,2,,,,,,,Top500
nuntiare,"nūntiāre, nūntiō, nūntiāvī, nūntiātum","nuntiare, nuntio, nuntiavi, nuntiatum",Verb,,melden,1,,,,,Campus C,21,,,,,,,Top500
nuntius,"nūntius, nūntiī","nuntius, nuntii",Nomen,m,"der Bote, die Nachricht",2,,,,,Campus C,16,,,,,,,
nuper,nūper,nuper,Adverb,Adv.,"neulich, vor kurzem",2,,,,,Campus C,40,,,,,,,
obicere,"obicere, obiciō, obiēcī, obiectum","obicere, obicio, obieci, obiectum",Verb,,"darbieten, vorwerfen",2,,,,,Campus C,65,,,,,,,
obsecrare,"obsecrāre, obsecrō, obsecrāvī, obsecrātum","obsecrare, obsecro, obsecravi, obsecratum",Verb,,"anflehen, bitten",2,,,,,Campus C,58,,,,,,,
obtinere,"obtinēre, obtineō, obtinuī","obtinere, obtineo, obtinui",Verb,,"(in Besitz) haben, (besetzt) halten",2,,,,,Campus C,66,,,,,,,
occidere,"occidere, óccidō, óccidī, óccisum","occidere, occido, occidi, occisum",Verb,,"(zu Boden) fallen, umkommen, untergehen",3,,,,,Campus C,28,,,,,,,
occidere (langes i),"occīdere, occīdō, occīdī, occīsum","occidere, occido, occidi, occisum",Verb,,"niederschlagen, töten",2,,,,,Campus C,31,,,,,,,
occulte,occultē,occulte,Adverb,Adv.,"heimlich, im Verborgenen",2,,,,,Campus C,61,,,,,,,
occupare,"occupāre, occupō, occupāvī, occupātum","occupare, occupo, occupavi, occupatum",Verb,,"besetzen, einnehmen",2,,,,,Campus C,35,,,,,,,Top500
Octavius,"Octāvius, Octāviī","Octavius, Octavii",Nomen,m,Octavius (der spätere Kaiser Augustus),1,,,,,Campus C,62,,,,,,,
octo,octō,octo,,indekl.,acht,1,,,,,Campus C,14,,,,,,,
oculus,"oculus, oculī","oculus, oculi",Nomen,m,das Auge,1,,,,,Campus C,2,,,,,,,Top500
odium,"odium, odiī","odium, odii",Nomen,n,der Hass,1,,,,,Campus C,43,,,,,,,
Oedipus,Oedipūs,Oedipus,,,Ödipus (sagenhafter Herrscher von Theben),1,,,,,Campus C,59,,,,,,,
offerre,"offerre, offerō, obtulī, oblātum","offerre, offero, obtuli, oblatum",,,"anbieten, entgegenbringen",2,,,,,Campus C,70,,,,,,,
officium,"officium, officiī","officium, officii",Nomen,n,"der Dienst, die Pflicht, das Pflichtgefühl",3,,,,,Campus C,28,,,,,,,Top500
officium praestare,officium praestāre,officium praestare,,,"eine Pflicht leisten, erfüllen",2,,,,,Campus C,28,,,,,,,
Olympia,"Olympia, Olympiae","Olympia, Olympiae",Nomen,f,Olympia (Kultstätte auf der Peloponnes mit berühmtem Zeusheiligtum; eines der bedeutendsten griechischen Kulturzentren im Westen der Peloponnes; seit dem 8. Jh. V. Chr. fanden dort alle vier Jahre Olympische Spiele statt.),3,,,,,Campus C,46,,,,,,,
omittere,"omittere, omittō, omīsī, omissum","omittere, omitto, omisi, omissum",Verb,,"aufgeben, beiseite lassen",2,,,,,Campus C,37,,,,,,,
omnia,"omnia, omnium","omnia, omnium",Nomen,n Plural,alles,1,,,,,Campus C,39,,,,,,,Top500
omnino,omnīnō,omnino,Adverb,Adv.,"insgesamt, überhaupt, völlig",3,,,,,Campus C,42,,,,,,,
omnis,"omnis, omnis, omne","omnis, omnis, omne",Adjektiv,,"jeder, ganz; Pl. alle",3,,,,,Campus C,33,,,,,,,Top500
oportet,oportet,oportet,Verb,,"es gehört sich, es ist nötig",2,,,,,Campus C,30,,,,,,,Top500
oppidum,"oppidum, oppidī","oppidum, oppidi",Nomen,n,die Stadt (Kleinstadt),1,,,,,Campus C,16,,,,,,,Top500
opportunus,"opportūnus, a, um","opportunus, a, um",Adjektiv,,"geeignet, günstig",2,,,,,Campus C,34,,,,,,,
opprimere,"opprimere, opprimō, oppressī, oppressum","opprimere, opprimo, oppressi, oppressum",Verb,,"bedrohen, niederwerfen, unterdrücken",3,,,,,Campus C,59,,,,,,,
ora,"ōra, ōrae","ora, orae",Nomen,f,die Küste,1,,,,,Campus C,29,,,,,,,
oraculum,"ōrāculum, ōrāculī","oraculum, oraculi",Nomen,n,"das Orakel, der Orakelspruch",2,,,,,Campus C,59,,,,,,,
orare,"ōrāre, ōrō, ōrāvī, ōrātum","orare, oro, oravi, oratum",Verb,,"(an)beten, bitten",2,,,,,Campus C,45,,,,,,,Top500
oratio,"ōrātiō, ōrātiōnis","oratio, orationis",Nomen,f,die Rede,1,,,,,Campus C,44,,,,,,,Top500
orbis,"orbis, orbis","orbis, orbis",Nomen,m,"der Kreis(lauf); der Erdkreis, die Welt",3,,,,,Campus C,66,,,,,,,Top500
orbis terrarum,orbis terrārum,orbis terrarum,Nomen,,"die Welt, der Erdkreis",2,,,,,Campus C,66,,,,,,,
ordo,"ōrdō, ōrdinis","ordo, ordinis",Nomen,m,"die Ordnung, die Reihe, der Stand",3,,,,,Campus C,37,,,,,,,Top500
ornamentum,"ōrnāmentum, ōrnāmentī","ornamentum, ornamenti",Nomen,n,"der Schmuck, das Schmuckstück",2,,,,,Campus C,12,,,,,,,
ornare,"ōrnāre, ōrnō, ōrnāvī, ōrnātum","ornare, orno, ornavi, ornatum",Verb,,"ausstatten, schmücken",2,,,,,Campus C,8,,,,,,,
Orpheus,"Orpheus, Orpheī","Orpheus, Orphei",Nomen,m,Orpheus (berühmter thrakischer Sänger),1,,,,,Campus C,57,,,,,,,
ostendere,"ostendere, ostendō, ostendī, ostentum","ostendere, ostendo, ostendi, ostentum",Verb,,"zeigen, erklären",2,,,,,Campus C,16;28,,,,,,,Top500
paene,paene,paene,Adverb,Adv.,fast,1,,,,,Campus C,46,,,,,,,
Palatium,"Palātium, Palātiī","Palatium, Palatii",Nomen,,der Palatin,1,Hügel Roms,,,,Campus C,15,,,,,,,
Pannonia,"Pannonia, Pannoniae","Pannonia, Pannoniae",Nomen,f,Pannonien (9-433 n. Chr. Provinz des Römischen Reiches im heutigen Westungarn),1,,,,,Campus C,70,,,,,,,
parare,"parāre, parō, parāvī, parātum","parare, paro, paravi, paratum",Verb,,"(vor)bereiten, vorhaben (m. Inf.); erwerben",3,,,,,Campus C,8,,,,,,,Top500
parcere,"parcere, parcō, pepercī","parcere, parco, peperci",Verb,m. Dativ,"schonen, verschonen",2,,,,,Campus C,53,,,,,,,
parentes,"parentes, parentum","parentes, parentum",Nomen,m Plural,die Eltern,1,,,,,Campus C,36,,,,,,,Top500
parere,"pārēre, pāreō, pāruī, pāritum","parere, pareo, parui, paritum",Verb,,gehorchen,1,,,,,Campus C,2,,,,,,,
parereK,"parereK, pariō, peperī, partum","parereK, pario, peperi, partum",,,"zur Welt bringen, gebären; schaffen",3,,,,,Campus C,56,,,,,,,
pars,"pars, partis","pars, partis",Nomen,f (Genitiv Plural partium),"der Teil, die Seite",2,,,,,Campus C,22,,,,,,,Top500
parvus,"parvus, a, um","parvus, a, um",Adjektiv,,"klein, gering",2,,,,,Campus C,14,,,,,,,Top500
pater,"pater, patris","pater, patris",Nomen,m,der Vater,1,,,,,Campus C,20,,,,,,,Top500
patere,"patēre, pateō, patuī","patere, pateo, patui",Verb,,offen stehen,1,,,,,Campus C,10,,,,,,,
patria,"patria, patriae","patria, patriae",Nomen,f,die Heimat,1,,,,,Campus C,9,,,,,,,Top500
pauci,"paucī, ae, a","pauci, ae, a",,,wenige,1,,,,,Campus C,48,,,,,,,Top500
paulatim,paulātim,paulatim,Adverb,Adv.,allmählich,1,,,,,Campus C,29,,,,,,,
paulo,paulō,paulo,Adverb,Adv.,(um) ein wenig,1,,,,,Campus C,40,,,,,,,Top500
paulo post,paulō post,paulo post,,,(ein) wenig später,1,,,,,Campus C,26,,,,,,,
pauper,"pauper, pauperis","pauper, pauperis",,,arm,1,,,,,Campus C,39,,,,,,,
pax,"pāx, pācis","pax, pacis",Nomen,f,der Frieden,1,,,,,Campus C,40,,,,,,,Top500
pectus,"pectus, pectoris","pectus, pectoris",Nomen,n,"die Brust, das Herz",2,,,,,Campus C,49,,,,,,,
pecunia,"pecūnia, pecūniae","pecunia, pecuniae",Nomen,f,"das Geld, das Vermögen",2,,,,,Campus C,19,,,,,,,Top500
pellere,"pellere, pellō, pepulī, pulsum","pellere, pello, pepuli, pulsum",Verb,,"stoßen, schlagen, (ver)treiben",3,,,,,Campus C,32,,,,,,,
per,per (m. Akk.),per (m. Akk.),Präposition,Präp. m. Akk.,"durch, hindurch",2,,,,,Campus C,16,,,,,,,Top500
perdere,"perdere, perdō, perdidī, perditum","perdere, perdo, perdidi, perditum",Verb,,"verlieren, verschwenden, zugrunde richten",3,,,,,Campus C,57,,,,,,,
perferre,"perferre, perferō, pertulī, perlātum","perferre, perfero, pertuli, perlatum",,,"(über)bringen, ertragen",2,,,,,Campus C,70,,,,,,,
pergere,"pergere, pergō, perrēxī","pergere, pergo, perrexi",Verb,,aufbrechen; weitermachen,2,,,,,Campus C,59,,,,,,,
periculum,"perīculum, perīculī","periculum, periculi",Nomen,n,die Gefahr,1,,,,,Campus C,24,,,,,,,Top500
periculum est,"perīculum est, nē","periculum est, ne",,,"es besteht die Gefahr, dass",2,,,,,Campus C,45,,,,,,,
perire,"perīre, pereō, periī","perire, pereo, perii",,,"umkommen, zugrunde gehen",2,,,,,Campus C,44,,,,,,,Top500
perniciei,perniciēī,perniciei,,esse,Verderben bringen,1,,,,,Campus C,42,,,,,,,
pernicies,"perniciēs, perniciēī","pernicies, perniciei",Nomen,f,"das Verderben, die Vernichtung",2,,,,,Campus C,41,,,,,,,
Persae,"Persae, ārum","Persae, arum",Nomen,m Plural,die Perser,1,,,,,Campus C,40,,,,,,,
persuadere,"persuādēre, persuādeō, persuāsī, persuāsum","persuadere, persuadeo, persuasi, persuasum",Verb,m. Dativ,"überreden, überzeugen m. AcI",2,,,,,Campus C,53,,,,,,,
perterrere,"perterrēre, perterreō, perterruī, perterritum","perterrere, perterreo, perterrui, perterritum",Verb,,"sehr erschrecken, einschüchtern",2,,,,,Campus C,54,,,,,,,
pertinere,"pertinēre, pertineō","pertinere, pertineo",Verb,ad m. Akk.,"betreffen, gehören (zu), sich erstrecken (bis)",3,,,,,Campus C,52,,,,,,,
pervenire,"pervenīre, perveniō, pervēnī, perventum","pervenire, pervenio, perveni, perventum",Nomen,ad / in m. Akk.,kommen zu / nach,1,,,,,Campus C,60,,,,,,,Top500
pes,"pēs, pedis","pes, pedis",Nomen,m,der Fuß (als Längenmaß: ca. 30 cm),1,,,,,Campus C,50,,,,,,,Top500
petere,"petere, petō, petīvī","petere, peto, petivi",Verb,,"aufsuchen, (er)streben, bitten, verlangen; angreifen",5,,,,,Campus C,18;29,,,,,,,Top500
Philippus,Philippus,Philippus,,,"Philipp II. (König von Makedonien, Vater Alexanders des Großen, um 382-336 v.Chr.)",3,,,,,Campus C,38,,,,,,,
pietas,"pietās, pietātis","pietas, pietatis",Nomen,f,"das Pflichtgefühl, die Frömmigkeit",2,,,,,Campus C,20,,,,,,,
pirata,"pīrāta, pīrātae","pirata, piratae",Nomen,m,"der Pirat, der Seeräuber",2,,,,,Campus C,46,,,,,,,
pius,"pius, a, um","pius, a, um",Adjektiv,,"fromm, gerecht, pflichtbewusst",3,,,,,Campus C,17,,,,,,,
placere,"placēre, placeō, placuī, placitum","placere, placeo, placui, placitum",Verb,,gefallen,1,,,,,Campus C,5,,,,,,,Top500
placet,placet,placet,,m. Dativ,"es gefällt jdm., jd. beschließt",2,,,,,Campus C,63,,,,,,,
placidus,"placidus, a, um","placidus, a, um",Adjektiv,,"friedlich, ruhig, sanft",3,,,,,Campus C,60,,,,,,,
plebs,"plēbs, plēbis","plebs, plebis",Nomen,f,das Volk,1,"Das nicht adelige, einfache Volk",,,,Campus C,36,,,,,,,
plenus,"plēnus, a, um","plenus, a, um",Adjektiv,,voll,1,,,,,Campus C,19,,,,,,,
plenusMG,"plēnusMG, plēna, plēnum","plenusMG, plena, plenum",,m. Genitiv,voll (von / mit),1,,,,,Campus C,19;68,,,,,,,
plus,plūs,plus,Adverb,Adv.,mehr,1,,,,,Campus C,62,,,,,,,Top500
Pluto,"Plūtō, Plūtōnis","Pluto, Plutonis",Nomen,m,Pluto,1,Gott der Unterwelt,,,,Campus C,28,,,,,,,
poena,"poena, poenae","poena, poenae",Nomen,f,die Strafe,1,,,,,Campus C,46,,,,,,,Top500
Poenus,"Poenus, a, um","Poenus, a, um",Adjektiv,,"punisch, karthagisch; Subst. der Punier, der Karthager",4,,,,,Campus C,41,,,,,,,
Polynices,"Polynīcēs, Polynīcis","Polynices, Polynicis",Nomen,m,"Polyneikes (Sohn des Ödipus, Bruder der Antigone; er und sein Bruder Eteokles brachten sich im Kampf um die Herrschaft über Theben gegenseitig um.)",3,,,,,Campus C,61,,,,,,,
Pompei,"Pompēī, Pompēiōrum","Pompei, Pompeiorum",Nomen,m Plural,Pompeji,1,Stadt in Kampanien,,,,Campus C,26,,,,,,,
Pompeianus (Adj.),"Pompēiānus, a, um","Pompeianus, a, um",Adjektiv,,pompejanisch,1,,,,,Campus C,18,,,,,,,
Pompeianus (Subst.),"Pompēiānus, Pompēiānī","Pompeianus, Pompeiani",Nomen,,der Pompejaner,1,,,,,Campus C,18,,,,,,,
ponere,"pōnere, pōnō, posuī","ponere, pono, posui",Verb,,"(auf)stellen, (hin)legen, setzen",3,,,,,Campus C,41,,,,,,,Top500
pons,"pōns, pontis","pons, pontis",Nomen,m (Genitiv Plural -ium),die Brücke,1,,,,,Campus C,40,,,,,,,
populo praesente,populō praesente,populo praesente,,,in Anwesenheit des Volkes,1,,,,,Campus C,65,,,,,,,
populus,"populus, populī","populus, populi",Nomen,m,das Volk,1,,,,,Campus C,6,,,,,,,Top500
porta,"porta, portae","porta, portae",Nomen,,das Tor,1,,,,,Campus C,11,,,,,,,
portare,"portāre, portō, portāvī, portātum","portare, porto, portavi, portatum",Verb,,"bringen, tragen",2,,,,,Campus C,8,,,,,,,
portus,"portus, portūs","portus, portus",Nomen,m,der Hafen,1,,,,,Campus C,52,,,,,,,
poscere,"pōscere, pōscō, popōscī","poscere, posco, poposci",Verb,,"fordern, verlangen",2,,,,,Campus C,69,,,,,,,
posse,"posse, possum, potuī","posse, possum, potui",Verb,,können,1,,,,,Campus C,17;25,,,,,,,Top500
post,post (m. Akk.),post (m. Akk.),Präposition,Präp. m. Akk.,"hinter, nach",2,,,,,Campus C,12,,,,,,,Top500
postea,posteā,postea,Adverb,Adv.,"nachher, später",2,,,,,Campus C,26,,,,,,,Top500
posteri,"posterī, posterōrum","posteri, posterorum",Nomen,m Plural,die Nachkommen,1,,,,,Campus C,67,,,,,,,
postquam,postquam,postquam,Subjunktion,Subj. m. Perf.,"nachdem, als",2,,,,,Campus C,33,,,,,,,Top500
postremo,postrēmō,postremo,Adverb,Adv.,schließlich,1,,,,,Campus C,45,,,,,,,
postulare,"pōstulāre, pōstulō, pōstulāvī, pōstulātum","postulare, postulo, postulavi, postulatum",Verb,,fordern,1,,,,,Campus C,45,,,,,,,Top500
potens,"potēns, potentis","potens, potentis",,,"mächtig, stark",2,,,,,Campus C,56,,,,,,,
potestas,"potestās, potestātis","potestas, potestatis",Nomen,f,"die (Amts-)Gewalt, die Macht",2,,,,,Campus C,20,,,,,,,Top500
praebere,"praebēre, praebeō, praebuī, praebitum","praebere, praebeo, praebui, praebitum",Verb,,"geben, hinhalten",2,,,,,Campus C,4,,,,,,,
praeclarus,"praeclārus, a, um","praeclarus, a, um",Adjektiv,,großartig,1,,,,,Campus C,54,,,,,,,
praeda,"praeda, praedae","praeda, praedae",Nomen,,die Beute,1,,,,,Campus C,45,,,,,,,
praeesse,"praeesse, praesum, praefuī","praeesse, praesum, praefui",,m. Dativ,"leiten, an der Spitze stehen, kommandieren",3,,,,,Campus C,53,,,,,,,
praeferre,"praeferre, praeferō, praetulī, praelātum","praeferre, praefero, praetuli, praelatum",,,vorziehen,1,,,,,Campus C,70,,,,,,,
praemium,"praemium, praemiī","praemium, praemii",Nomen,n,"die Belohnung, der Lohn",2,,,,,Campus C,20,,,,,,,
praesens,"praesēns, praesentis","praesens, praesentis",,,"anwesend, gegenwärtig",2,,,,,Campus C,60,,,,,,,
praestare,"praestāre, praestō, praestitī","praestare, praesto, praestiti",Verb,m. Akk.,"gewähren, leisten, zeigen",3,,,,,Campus C,28,,,,,,,
praeterire,"praeterīre, praetereō, praeteriī","praeterire, praetereo, praeterii",,,"vorbeigehen (an), übergehen",2,,,,,Campus C,49,,,,,,,
praetor,"praetor, praetoris","praetor, praetoris",Nomen,m,der Prätor (für die Rechtsprechung zuständiger Beamter); Provinzstatthalter,2,,,,,Campus C,70,,,,,,,Top500
premere,"premere, premō, pressī, pressum","premere, premo, pressi, pressum",Verb,,"(unter)drücken, bedrängen",2,,,,,Campus C,58,,,,,,,Top500
pretium,"pretium, pretiī","pretium, pretii",Nomen,,"der Preis, der Wert",2,,,,,Campus C,12,,,,,,,
prex,"prex, precis","prex, precis",Nomen,f,"die Bitte, das Gebet",2,,,,,Campus C,50,,,,,,,
prima luce,prīmā lūce,prima luce,,,bei Tagesanbruch,1,,,,,Campus C,28,,,,,,,
primo,prīmō,primo,Adverb,Adv.,zuerst,1,,,,,Campus C,4,,,,,,,
primum,prīmum,primum,Adverb,,"erstens, zuerst, zum ersten Mal",3,,,,,Campus C,24,,,,,,,Top500
primus,"prīmus, a, um","primus, a, um",Adjektiv,,"der (die, das) erste",2,,,,,Campus C,22,,,,,,,Top500
princeps,"prīnceps, prīncipis","princeps, principis",,,"der erste, der führende; Subst. Erster, führender Mann, Kaiser",5,,,,,Campus C,63,,,,,,,Top500
priusquam,priusquam,priusquam,Subjunktion,Subj.,"bevor, eher als",2,,,,,Campus C,55,,,,,,,
pro,prō (m. Abl.),pro (m. Abl.),Präposition,Präp. m. Abl.,"vor; anstelle von, für",3,,,,,Campus C,41,,,,,,,Top500
probare,"probāre, probō, probāvī, probātum","probare, probo, probavi, probatum",Verb,,"prüfen, beweisen, für gut befinden",3,,,,,Campus C,12,,,,,,,
procedere,"prōcēdere, prōcēdō, prōcessī","procedere, procedo, processi",Verb,,"(vorwärts)gehen, vorrücken",2,,,,,Campus C,44,,,,,,,
prodere,"prōdere, prōdō, prōdidī, prōditum","prodere, prodo, prodidi, proditum",Verb,,verraten; überliefern,2,,,,,Campus C,67,,,,,,,
proelium,"proelium, proeliī","proelium, proelii",Nomen,,"der Kampf, die Schlacht",2,,,,,Campus C,41,,,,,,,Top500
profecto,profectō,profecto,Adverb,Adv.,"sicherlich, tatsächlich",2,,,,,Campus C,6,,,,,,,
prohibere,"prohibēre, prohibeō, prohibuī, prohibitum","prohibere, prohibeo, prohibui, prohibitum",Verb,(ā) m. Abl.,"abhalten (von), hindern (an)",2,,,,,Campus C,28,,,,,,,Top500
proinde,proinde,proinde,Adverb,Adv.,"also, daher",2,,,,,Campus C,67,,,,,,,
promittere,"prōmittere, prōmittō, prōmīsī, promissum","promittere, promitto, promisi, promissum",Verb,,versprechen,1,,,,,Campus C,40,,,,,,,
prope,prope (m. Akk.),prope (m. Akk.),Präposition,Präp. m. Akk.,"nahe bei, in der Nähe von",2,,,,,Campus C,68,,,,,,,Top500
properare,"properāre, properō, properāvī, properātum","properare, propero, properavi, properatum",Verb,,"eilen, sich beeilen",2,,,,,Campus C,8,,,,,,,
propter,propter (m. Akk.),propter (m. Akk.),Präposition,Präp. m. Akk.,wegen,1,,,,,Campus C,22,,,,,,,Top500
protinus,prōtinus,protinus,Adverb,Adv.,sofort,1,,,,,Campus C,61,,,,,,,
providere,"prōvidēre, prōvideō, prōvīdī, prōvīsum","providere, provideo, providi, provisum",Verb,,m. Akk. vorhersehen; m. Dat. sorgen für,2,,,,,Campus C,53,,,,,,,
provincia,"prōvincia, prōvinciae","provincia, provinciae",Nomen,f,die Provinz,1,,,,,Campus C,9,,,,,,,Top500
puella,"puella, puellae","puella, puellae",Nomen,f,das Mädchen,1,,,,,Campus C,1,,,,,,,
puer,"puer, puerī","puer, pueri",Nomen,m,"der Junge, der Bub",2,,puella,,,Campus C,15,,,,,,,Top500
pugna,"pūgna, pūgnae","pugna, pugnae",Nomen,f,der Kampf,1,,,,,Campus C,9,,,,,,,
pugnare,"pūgnāre, pūgnō, pūgnāvī, pūgnātum","pugnare, pugno, pugnavi, pugnatum",Verb,,kämpfen,1,,,,,Campus C,9,,,,,,,Top500
pulcher,"pulcher, pulchra, pulchrum","pulcher, pulchra, pulchrum",Adjektiv,,schön,1,,,,,Campus C,15,,,,,,,Top500
putare,"putāre, putō","putare, puto",Verb,,"glauben, meinen; m. dopp. Akk.: halten für",3,,,,,Campus C,29,,,,,,,Top500
quaerere,"quaerere, quaerō, quaesīvī, quaesītum","quaerere, quaero, quaesivi, quaesitum",Verb,,"erwerben wollen, suchen, fragen",3,,,,,Campus C,30;47,,,,,,,Top500
qualis,"quālis, quālis, quāle","qualis, qualis, quale",,,"wie (beschaffen), was für ein(e)",2,,,,,Campus C,70,,,,,,,
quam,quam,quam,Adverb,,"als, wie",2,,,,,Campus C,17,,,,,,,Top500
quamquam,quamquam,quamquam,Subjunktion,Subj.,obwohl,1,,,,,Campus C,19,,,,,,,Top500
quamvis,quamvīs,quamvis,Subjunktion,Subj. m. Konj.,"wenn auch, obwohl",2,,,,,Campus C,67,,,,,,,
quando,quandō?,quando?,Adverb,,wann?,1,,,,,Campus C,36,,,,,,,
quare?,quārē?,quare?,,,weshalb? wodurch?,1,,,,,Campus C,66,,,,,,,
quartus,"quārtus, a, um","quartus, a, um",Adjektiv,,"der (die, das) vierte",2,,,,,Campus C,14,,,,,,,
quasi,quasi,quasi,Adverb,Adv.,gleichsam,1,,,,,Campus C,68,,,,,,,Top500
quattuor,quattuor,quattuor,,indekl.,vier,1,,,,,Campus C,14,,,,,,,
quemadmodum,quemadmodum,quemadmodum,Adverb,,"auf welche Weise, wie",2,,,,,Campus C,35,,,,,,,
qui,"quī, quae, quod","qui, quae, quod",Pronomen,,"welcher, welche, welches; der, die, das",6,,,,,Campus C,34;66,,,,,,,Top500
quia,quia,quia,Subjunktion,Subj.,weil,1,,,,,Campus C,19,,,,,,,Top500
quid,quid?,quid?,Pronomen,,was?,1,,,,,Campus C,2,,,,,,,Top500
quid?,quid?,quid?,,,was?,1,,,,,Campus C,2,,,,,,,Top500
quidem,quidem,quidem,Adverb,Adv.,"freilich, gewiss, wenigstens, zwar",4,,,,,Campus C,31,,,,,,,Top500
quidnam?,quidnam?,quidnam?,,,was denn?,1,,,,,Campus C,66,,,,,,,
quiescere,"quiēscere, quiēscō, quiēvī, quiētum","quiescere, quiesco, quievi, quietum",Verb,,"(aus)ruhen, schlafen",2,,,,,Campus C,67,,,,,,,
quin (Fragewort),quīn?,quin?,Adverb,Fragewort im Hauptsatz,warum nicht?,1,,,,,Campus C,17,,,,,,,Top500
quin (Subj.),quīn,quin,Subjunktion,mit Konjunktiv,dass,1,,,,,Campus C,17,,,,,,,Top500
quin?,quīn?,quin?,Nomen,im Hauptsatz,warum nicht? Subj.,1,,,,,Campus C,17,,,,,,,Top500
quindecim,quīndecim,quindecim,,indekl.,fünfzehn,1,,,,,Campus C,51,,,,,,,
quingenti,"quīngentī, ae, a","quingenti, ae, a",,,fünfhundert,1,,,,,Campus C,51,,,,,,,
quinque,quinque,quinque,,indekl.,fünf,1,,,,,Campus C,12,,,,,,,
quintus,"quintus, a, um","quintus, a, um",Adjektiv,,"der (die, das) fünfte",2,,,,,Campus C,27,,,,,,,
quis,quis?,quis?,Pronomen,,wer?,1,,,,,Campus C,3,,,,,,,Top500
quis?,quis?,quis?,,,wer?,1,,,,,Campus C,3,,,,,,,Top500
quo,quō,quo,Adverb,,"wo, wohin",2,,,,,Campus C,37,,,,,,,Top500
quo?,quō?,quo?,,,"wo?, wohin?",2,,,,,Campus C,37,,,,,,,Top500
quod,quod,quod,Subjunktion,Subj.,weil; dass,2,,,,,Campus C,19,,,,,,,Top500
quoniam,quoniam,quoniam,Subjunktion,Subj. m. Ind.,"da ja, da nun",2,,,,,Campus C,69,,,,,,,Top500
quoque,quoque,quoque,,nachgestellt,auch,1,,,,,Campus C,45,,,,,,,Top500
quot?,quot?,quot?,,,wie viel(e)?,1,,,,,Campus C,49,,,,,,,
rapere,"rapere, rapiō, rapuī, raptum","rapere, rapio, rapui, raptum",Verb,,"wegführen, rauben, wegreißen",3,,,,,Campus C,49,,,,,,,
recens,"recēns, recentis","recens, recentis",,,"frisch, neu",2,,,,,Campus C,70,,,,,,,
recitare,"recitāre, recitō, recitāvī, recitātum","recitare, recito, recitavi, recitatum",Verb,,"vortragen, vorlesen",2,,,,,Campus C,63,,,,,,,
recte,rēctē,recte,Adverb,Adv.,"richtig, zu Recht",2,,,,,Campus C,4,,,,,,,Top500
redire,"redīre, redeō, rediī, reditum","redire, redeo, redii, reditum",Verb,,"zurückgehen, zurückkehren",2,,,,,Campus C,37,,,,,,,Top500
reducere,"redūcere, redūcō, redūxī, reductum","reducere, reduco, reduxi, reductum",Verb,,"zurückführen, zurückziehen",2,,,,,Campus C,57,,,,,,,
referre,"referre, referō, rettulī, relātum","referre, refero, rettuli, relatum",,,"(zurück)bringen, berichten",2,,,,,Campus C,70,,,,,,,Top500
regere,"regere, regō, rēxī, rēctum","regere, rego, rexi, rectum",Verb,,"beherrschen, leiten, lenken",3,,,,,Campus C,58,,,,,,,
regio,"regiō, regiōnis","regio, regionis",Nomen,f,"das Gebiet, die Gegend, die Richtung",3,,Region,,,Campus C,23,,,,,,,Top500
regio diffcilis,regiō diffcilis,regio diffcilis,,,ein schwer zu passierendes Gebiet,1,,,,,Campus C,68,,,,,,,
religio,"religiō, religiōnis","religio, religionis",Nomen,f,"der Glaube, der Aberglaube, die (Gottes-) Verehrung, die Frömmigkeit, die Gewissenhaftigkeit",5,,,,,Campus C,61,,,,,,,Top500
relinquere,"relinquere, relinquō, relīquī, relictum","relinquere, relinquo, reliqui, relictum",Verb,,"verlassen, zurücklassen",2,,,,,Campus C,16;27;50,,,,,,,Top500
reliquiae,"reliquiae, reliquiārum","reliquiae, reliquiarum",Nomen,f Plural,"das Überbleibsel, der Überrest, die Ruine",3,,,,,Campus C,26,,,,,,,
remanere,"remanēre, remaneō, remānsī","remanere, remaneo, remansi",Verb,,(zurück)bleiben,1,,,,,Campus C,46,,,,,,,
repellere,"repellere, repellō, reppulī","repellere, repello, reppuli",Verb,,"zurückstoßen, abweisen, vertreiben",3,,,,,Campus C,32,,,,,,,
reprehendere,"reprehendere, reprehendō, reprehendī, reprehēnsum","reprehendere, reprehendo, reprehendi, reprehensum",Verb,,"schimpfen, kritisieren",2,,,,,Campus C,48,,,,,,,
res,"rēs, reī","res, rei",Nomen,f,"die Angelegenheit, das Ding, die Sache",3,,,,,Campus C,41,,,,,,,Top500
res adversae,"rēs adversae, rērum adversārum","res adversae, rerum adversarum",Nomen,f Plural,das Unglück,1,,,,,Campus C,53,,,,,,,
res futurae,"rēs futūrae, rērum futurārum","res futurae, rerum futurarum",Nomen,f Plural,die Zukunft,1,,,,,Campus C,53,,,,,,,
res publica,"rēs pūblica, reī pūblicae","res publica, rei publicae",Nomen,f,der Staat,1,,,,,Campus C,41,,,,,,,Top500
resistere,"resistere, resistō, restitī","resistere, resisto, restiti",Verb,,stehenbleiben; Widerstand leisten,2,,,,,Campus C,36,,,,,,,
respicere,"respicere, respiciō, respexī, respectum","respicere, respicio, respexi, respectum",Verb,,"zurückblicken, berücksichtigen",2,,,,,Campus C,57,,,,,,,
respondere,"respondēre, respondeō, respondī, respōnsum","respondere, respondeo, respondi, responsum",Verb,,antworten,1,,,,,Campus C,3;34;59,,,,,,,Top500
restituere,"restituere, restituō, restituī, restitūtum","restituere, restituo, restitui, restitutum",Verb,,wiederherstellen,1,,,,,Campus C,61,,,,,,,
retinere,"retinēre, retineō, retinuī, retentum","retinere, retineo, retinui, retentum",Verb,,"zurückhalten, festhalten, behalten",3,,,,,Campus C,55,,,,,,,
rex,"rēx, rēgis","rex, regis",Nomen,m,der König,1,,,,,Campus C,27,,,,,,,Top500
ridere,"rīdēre, rīdeō, rīsī, rīsum","ridere, rideo, risi, risum",Verb,,"lachen, auslachen",2,,,,,Campus C,2;34;48,,,,,,,
rogare,"rogāre, rogō, rogāvī, rogātum","rogare, rogo, rogavi, rogatum",Verb,,"fragen, bitten",2,,,,,Campus C,8,,,,,,,Top500
Roma,"Rōma, Rōmae","Roma, Romae",Nomen,f,Rom,1,,,,,Campus C,7,,,,,,,
Romanus,"Rōmānus, a, um","Romanus, a, um",Adjektiv,,"römisch; Subst. der Römer, der Einwohner Roms",3,,,,,Campus C,9;14,,,,,,,
Romanus (Adj.),"Rōmānus, a, um","Romanus, a, um",Adjektiv,,römisch,1,,,,,Campus C,9;14,,,,,,,
Romanus (Subst.),"Rōmānus, Rōmānī","Romanus, Romani",Nomen,,"der Römer, der Einwohner Roms",2,,,,,Campus C,9,,,,,,,
Romulus / Remus,Rōmulus / Remus,Romulus / Remus,Nomen,,Romulus / Remus,1,Zwillingsbrüder und sagenhafte Gründer Roms,,,,Campus C,32,,,,,,,
Rubico,"Rubico, onis","Rubico, onis",Nomen,m,Rubikon (Grenzfluss zwischen der Provinz Gallien und dem röm. Staatsgebiet; 49 v. Chr. überschritt Cäsar diese Grenze und löste damit den Bürgerkrieg aus.),2,,,,,Campus C,52,,,,,,,
ruere,"ruere, ruō, ruī","ruere, ruo, rui",Verb,,"stürzen, eilen, stürmen",3,,,,,Campus C,38,,,,,,,
rus,"rūs, rūris","rus, ruris",Nomen,n,"das Feld, das Land (im Gegensatz zu Stadt), das Landgut",3,,,,,Campus C,64,,,,,,,
sacer,"sacer, sacra, sacrum","sacer, sacra, sacrum",,m. Genitiv,"heilig, geweiht (jdm.)",2,,,,,Campus C,42,,,,,,,
sacerdos,"sacerdōs, sacerdōtis","sacerdos, sacerdotis",Nomen,m/f,der/die Priester(in),1,,,,,Campus C,50,,,,,,,
sacrum,"sacrum, sacrī","sacrum, sacri",Nomen,n,"das Opfer, das Heiligtum",2,,,,,Campus C,17,,,,,,,
sacrum facere,sacrum facere,sacrum facere,,,"ein Opfer bringen, opfern",2,,,,,Campus C,17,,,,,,,
saeculum,"saeculum, saeculī","saeculum, saeculi",Nomen,n,"das Jahrhundert, das Menschenalter, die Zeit, das Zeitalter",4,,,,,Campus C,66,,,,,,,
saepe,saepe,saepe,Adverb,Adv.,oft,1,,,,,Campus C,4,,,,,,,Top500
saevus,"saevus, a, um","saevus, a, um",Adjektiv,,"schrecklich, wild, wütend",3,,,,,Campus C,38,,,,,,,
salus,"salūs, salūtis","salus, salutis",Nomen,f,"die Gesundheit, die Rettung, der Gruß, das Glück",4,,,,,Campus C,25,,,,,,,Top500
salutare,"salūtāre, salūtō","salutare, saluto",Verb,,(be)grüßen,1,,,,,Campus C,20,,,,,,,
salve! salvete!,salvē! salvēte!,salve! salvete!,,,"sei(d) gegrüßt!, grüß dich / euch!",2,,,,,Campus C,20,,,,,,,
sanctus,"sānctus, a, um","sanctus, a, um",Adjektiv,,"ehrwürdig, heilig",2,,,,,Campus C,50,,,,,,,
sanguis,"sanguis, sanguinis","sanguis, sanguinis",Nomen,m,das Blut,1,,,,,Campus C,50,,,,,,,Top500
sapiens,"sapiēns, sapientis","sapiens, sapientis",,,"klug, weise",2,,,,,Campus C,38,,,,,,,
Saturnus,"Sāturnus, Sāturnī","Saturnus, Saturni",Nomen,,Saturn,1,"Röm. Gott der Fruchtbarkeit, besonders des Ackerbaus. In seinem Tempel auf dem Forum Romanum war das aerārium, in dem die Staatskasse, das Staatsarchiv und die Feldzeichen der röm. Legionen aufbewahrt wurden.",,,,Campus C,11,,,,,,,
saxum,"saxum, saxī","saxum, saxi",Nomen,n,"der Fels, der Stein",2,,,,,Campus C,58,,,,,,,
sceleratus,"scelerātus, a, um","sceleratus, a, um",Adjektiv,,"verbrecherisch, schändlich; Subst. der Verbrecher",3,,,,,Campus C,5,,,,,,,
sceleratus (Subst.),"scelerātus, scelerātī","sceleratus, scelerati",Nomen,,der Verbrecher,1,,,,,Campus C,5,,,,,,,
scelus,"scelus, sceleris","scelus, sceleris",Nomen,n,das Verbrechen; der Schurke,2,,,,,Campus C,49,,,,,,,Top500
scire,"scīre, sciō, scīvī, scītum","scire, scio, scivi, scitum",Verb,,"wissen, kennen, verstehen",3,,,,,Campus C,10,,,,,,,Top500
scribere,"scrībere, scrībō, scrīpsī, scrīptum","scribere, scribo, scripsi, scriptum",Verb,,"schreiben, beschreiben",2,,,,,Campus C,16;34,,,,,,,Top500
se,sē,se,Pronomen,Akk. / Abl.,sich,1,,,,,Campus C,19,,,,,,,
secum,sēcum,secum,Pronomen,,"mit sich, bei sich",2,,"mecum, tecum",,,Campus C,30,,,,,,,Top500
secundus,"secundus, a, um","secundus, a, um",Adjektiv,,"der (die, das) zweite; günstig",3,,,,,Campus C,27,,,,,,,
sed,sed,sed,Subjunktion,,"aber, sondern",2,,,,,Campus C,3,,,,,,,Top500
sedere,"sedēre, sedeō, sēdī, sessum","sedere, sedeo, sedi, sessum",Verb,,sitzen,1,,,,,Campus C,3,,,,,,,
semper,semper,semper,Adverb,Adv.,immer,1,,,,,Campus C,4,,,,,,,Top500
senator,"senātor, senātōris","senator, senatoris",Nomen,m,der Senator,1,,,,,Campus C,18,,,,,,,
senatus,"senātus, senātūs","senatus, senatus",Nomen,m,"der Senat, die Senatsversammlung",2,,,,,Campus C,52,,,,,,,Top500
senex,"senex, senis","senex, senis",Nomen,m,"der Greis, der alte Mann",2,,,,,Campus C,41,,,,,,,Top500
sententia,"sententia, sententiae","sententia, sententiae",Nomen,f,"die Meinung, der Satz, der Sinn, der Antrag (im Senat)",4,,,,,Campus C,48,,,,,,,Top500
sentire,"sentīre, sentiō, sēnsī, sēnsum","sentire, sentio, sensi, sensum",Verb,,"fühlen, meinen, wahrnehmen",3,,sensibel,,,Campus C,29,,,,,,,Top500
septem,septem,septem,,indekl.,sieben,1,,,,,Campus C,12,,,,,,,
serva,"serva, servae","serva, servae",Nomen,,"die Sklavin, die Dienerin",2,,,,,Campus C,1,,,,,,,
servare,"servāre, servō, servāvī, servātum","servare, servo, servavi, servatum",Verb,,"bewahren, retten; beobachten",3,,"konservieren, observieren, servus",,,Campus C,15,,,,,,,Top500
servire,"servīre, serviō","servire, servio",Verb,,"dienen, Sklave sein",2,,,,,Campus C,47,,,,,,,
servitus,"servitūs, servitūtis","servitus, servitutis",Nomen,f,die Sklaverei,1,,,,,Campus C,20,,,,,,,
servus,"servus, servī","servus, servi",Nomen,m,"der Sklave, der Diener",2,,,,,Campus C,1,,,,,,,Top500
sex,sex,sex,,indekl.,sechs,1,,,,,Campus C,12,,,,,,,
si,sī,si,Subjunktion,Subj.,"wenn, falls",2,,,,,Campus C,19,,,,,,,Top500
sibi,sibi,sibi,Pronomen,Dativ,(für) sich,1,,,,,Campus C,30,,,,,,,
sic,sīc,sic,Adverb,Adv.,so,1,,,,,Campus C,4,,,,,,,Top500
Sicilia,"Sicilia, Siciliae","Sicilia, Siciliae",Nomen,,Sizilien,1,"Insel im Mittelmeer an der „Stiefelspitze“ Italiens, wurde 241 v. Chr. erste röm. Provinz.",,,,Campus C,10,,,,,,,
signum,"sīgnum, sīgnī","signum, signi",Nomen,n,"das Merkmal, das Zeichen; die Statue",3,,Signal,,,Campus C,32,,,,,,,Top500
silentium,"silentium, silentiī","silentium, silentii",Nomen,,das Schweigen,1,,,,,Campus C,42,,,,,,,
silva,"silva, silvae","silva, silvae",Nomen,f,der Wald,1,,,,,Campus C,1,,,,,,,Top500
simul,simul,simul,Adverb,Adv.,"gleichzeitig, zugleich",2,,,,,Campus C,57,,,,,,,Top500
sine,sine (m. Abl.),sine (m. Abl.),Präposition,Präp. m. Abl.,ohne,1,,,,,Campus C,12,,,,,,,Top500
sinere,"sinere, sinō, sīvī","sinere, sino, sivi",Verb,,"(zu)lassen, erlauben",2,,,,,Campus C,62,,,,,,,
singulus,"singulus, a, um","singulus, a, um",Adjektiv,,"je ein, jeder einzelne",2,,,,,Campus C,45,,,,,,,
Sisyphus,"Sīsyphus, Sīsyphī","Sisyphus, Sisyphi",Nomen,m,Sisyphus (Gründer und König von Korinth. Wegen seiner Freveltaten muss er im Tartarus auf ewig büßen.),1,,,,,Campus C,58,,,,,,,
socius,"socius, sociī","socius, socii",Nomen,m,"der Gefährte, Verbündeter",2,,,,,Campus C,47,,,,,,,Top500
sol,"sōl, sōlis","sol, solis",Nomen,m,die Sonne,1,,,,,Campus C,23,,,,,,,Top500
Sol,"Sōl, Sōlis","Sol, Solis",Nomen,m,"Sol (der Sonnengott, die Sonne)",2,,,,,Campus C,46,,,,,,,
solum,sōlum,solum,Adverb,Adv.,nur,1,,,,,Campus C,21,,,,,,,Top500
solvere,"solvere, solvō, solvī, solūtum","solvere, solvo, solvi, solutum",Verb,,"lösen, auflösen; bezahlen",3,,,,,Campus C,55,,,,,,,Top500
somnus,"somnus, somnī","somnus, somni",Nomen,m,der Schlaf,1,,,,,Campus C,55,,,,,,,
sonus,"sonus, sonī","sonus, soni",Nomen,,"der Ton, der Klang, das Geräusch",3,,,,,Campus C,5,,,,,,,
soror,"soror, sorōris","soror, sororis",Nomen,f,die Schwester,1,,,,,Campus C,19,,,,,,,
sors,"sors, sortis","sors, sortis",Nomen,f (Genitiv Plural -ium),"das Los, der Orakelspruch, das Schicksal",3,,,,,Campus C,63,,,,,,,
species,"speciēs, speciēī","species, speciei",Nomen,f,"der Anblick, das Aussehen, der Schein",3,,,,,Campus C,46,,,,,,,
spectare,"spectāre, spectō","spectare, specto",Verb,,"betrachten, anschauen, hinsehen",3,,,,,Campus C,9,,,,,,,
sperare,"spērāre, spērō","sperare, spero",Verb,,"erwarten, hoffen",2,,,,,Campus C,31,,,,,,,
spes,"spēs, speī","spes, spei",Nomen,f,"die Erwartung, die Hoffnung",2,,,,,Campus C,41,,,,,,,Top500
Sphinx,"Sphinx, Sphingis","Sphinx, Sphingis",Nomen,f,die Sphinx (Fabelwesen der griech.-ägypt. Mythologie. Die Sphinx war ein Ungeheuer mit dem Rumpf eines geflügelten Löwen und dem Oberkörper und Kopf einer jungen Frau.),1,,,,,Campus C,60,,,,,,,
sponte mea (tua,"sponte meā (tuā, suā)","sponte mea (tua, sua)",,,"freiwillig, von selbst",2,,,,,Campus C,67,,,,,,,
stare,"stāre, stō, stetī","stare, sto, steti",Verb,,stehen,1,,,,,Campus C,16;28,,,,,,,Top500
statim,statim,statim,Adverb,Adv.,sofort,1,,,,,Campus C,5,,,,,,,
statua,"statua, statuae","statua, statuae",Nomen,f,die Statue,1,,,,,Campus C,11,,,,,,,
statuere,"statuere, statuō, statuī, statūtum","statuere, statuo, statui, statutum",Verb,,"aufstellen, beschließen, festsetzen",3,,,,,Campus C,47,,,,,,,Top500
studere,"studēre, studeō, studuī","studere, studeo, studui",Verb,,"sich bemühen, studieren",2,,,,,Campus C,4,,,,,,,
studium,"studium, studiī","studium, studii",Nomen,,"die Beschäftigung, das Engagement, das Interesse",3,,,,,Campus C,11,,,,,,,Top500
stultus,"stultus, a, um","stultus, a, um",Adjektiv,,dumm,1,,,,,Campus C,14,,,,,,,
sub,sub (m. Abl.),sub (m. Abl.),Präposition,Präp. m. Abl.,unter (wo?),1,,,,,Campus C,24,,,,,,,Top500
sub (m. Abl.),sub (m. Abl.),sub (m. Abl.),Präposition,,unter (wo?),1,,,,,Campus C,24,,,,,,,Top500
sub (m. Akk.),sub (m. Akk.),sub (m. Akk.),Präposition,,unter (wohin?),1,,,,,Campus C,24,,,,,,,
subire,"subīre, subeō, subiī","subire, subeo, subii",,,auf sich nehmen; herangehen,2,,,,,Campus C,44,,,,,,,
subito,subitō,subito,Adverb,Adv.,plötzlich,1,,,,,Campus C,5,,,,,,,
summus,"summus, a, um","summus, a, um",Adjektiv,,"der höchste, der oberste",2,,,,,Campus C,15,,,,,,,Top500
summus mons,summus mōns,summus mons,,,"der Berggipfel, die höchste Stelle des Berges",2,,,,,Campus C,58,,,,,,,
sunt,sunt,sunt,,,sie sind,1,,,,,Campus C,2,,,,,,,
superae,"superāe, superō, superāvī, superātum","superae, supero, superavi, superatum",,,"besiegen, überwinden, übertreffen",3,,,,,Campus C,9,,,,,,,Top500
superare,"superāre, superō, superāvī, superātum","superare, supero, superavi, superatum",Verb,,"besiegen, überwinden, übertreffen",3,,,,,Campus C,9,,,,,,,Top500
superbia,"superbia, superbiae","superbia, superbiae",Nomen,f,"der Stolz, der Hochmut",2,,,,,Campus C,9,,,,,,,
superbus,"superbus, a, um","superbus, a, um",Adjektiv,,"stolz, überheblich",2,,,,,Campus C,36,,,,,,,
superesse,"superesse, supersum, superfuī","superesse, supersum, superfui",,,überleben; übrig sein,2,,,,,Campus C,44,,,,,,,
superi,"superī, superōrum","superi, superorum",Nomen,m Plural,die Götter,1,,,,,Campus C,56,,,,,,,Top500
supplicium,"supplicium, suppliciī","supplicium, supplicii",Nomen,n,"die Strafe, die Hinrichtung; das flehentliche Bitten",3,,,,,Campus C,65,,,,,,,Top500
surgere,"surgere, surgō, surrēxī, surrectum","surgere, surgo, surrexi, surrectum",Verb,,"aufrichten; sich erheben, aufstehen",3,,,,,Campus C,23;31,,,,,,,
sustinere,"sustinēre, sustineō, sustinuī","sustinere, sustineo, sustinui",Verb,,"ertragen, standhalten",2,,,,,Campus C,61,,,,,,,
suus,"suus, a, um","suus, a, um",Adjektiv,,"sein, ihr",2,,,,,Campus C,30,,,,,,,Top500
Syria,"Syria, Syriae","Syria, Syriae",Nomen,f,Syrien,1,Seit 64 v. Chr. röm. Provinz mit der Hauptstadt Antiocheia (heute Antakya),,,,Campus C,9,,,,,,,
taberna,"taberna, tabernae","taberna, tabernae",Nomen,f,"der Laden, das Wirtshaus",2,,,,,Campus C,62,,,,,,,
tabula,"tabula, tabulae","tabula, tabulae",Nomen,f,"die (Schreib-)Tafel, das Gemälde",2,,,,,Campus C,4,,,,,,,
tacere,"tacēre, taceō, tacuī, tacitum","tacere, taceo, tacui, tacitum",Verb,,"schweigen, verschweigen",2,,,,,Campus C,2,,,,,,,
talis,"tālis, tālis, tāle","talis, talis, tale",,,"derartig, ein solcher, so (beschaffen)",3,,,,,Campus C,52,,,,,,,Top500
tam,tam,tam,Adverb,,so,1,,,,,Campus C,20,,,,,,,Top500
tam ... quam,tam ... quam,tam ... quam,,,so ... wie,1,,,,,Campus C,20,,,,,,,Top500
tamen,tamen,tamen,Adverb,,"dennoch, jedoch",2,,,,,Campus C,3,,,,,,,Top500
tamquam,tamquam,tamquam,Adverb,,wie,1,,,,,Campus C,32,,,,,,,
tandem,tandem,tandem,Adverb,Adv.,endlich,1,,,,,Campus C,7,,,,,,,Top500
tangere,"tangere, tangō, tetigī, tāctum","tangere, tango, tetigi, tactum",Verb,,berühren,1,,,,,Campus C,43;54,,,,,,,
Tantalus,"Tantalus, Tantalī","Tantalus, Tantali",Nomen,m,"Tantalus (Sohn des Jupiter, König von Lydien, Vater der Niobe und des Pelops)",3,,,,,Campus C,56,,,,,,,
tantum,tantum,tantum,Adverb,nachgestellt,nur,1,,,,,Campus C,5,,,,,,,Top500
tantus,"tantus, a, um","tantus, a, um",Adjektiv,,"so groß, so viel",2,,,,,Campus C,18,,,,,,,Top500
Tarquinii,"Tarquiniī, Tarquiniorum","Tarquinii, Tarquiniorum",Nomen,,die Tarquinier,1,Etruskisches Königsgeschlecht,,,,Campus C,36,,,,,,,
Tarquinius Superbus,Tarquinius Superbus,Tarquinius Superbus,Nomen,,Tarquinius Superbus,1,Letzter etruskischer König von Rom,,,,Campus C,36,,,,,,,
Tartarus,"Tartarus, Tartarī","Tartarus, Tartari",Nomen,,"der Tartarus, die Unterwelt",2,"der Teil der Unterwelt, in dem Verbrecher und Übeltäter nach dem Tod ihre Strafen verbüßen mussten",,,,Campus C,21,,,,,,,
taurus,"taurus, taurī","taurus, tauri",Nomen,m,der Stier,1,,,,,Campus C,54,,,,,,,
te,tē,te,Pronomen,Akk.,dich,1,,,,,Campus C,13,,,,,,,
tectum,"tēctum, tēctī","tectum, tecti",Nomen,n,das Dach; das Haus,2,,,,,Campus C,25,,,,,,,
tecum,tēcum,tecum,Pronomen,,mit dir,1,,,,,Campus C,13,,,,,,,
tegere,"tegere, tegō, tēxī, tēctum","tegere, tego, texi, tectum",Verb,,"bedecken, schützen, verbergen",3,,,,,Campus C,39,,,,,,,
telum,"tēlum, tēlī","telum, teli",Nomen,n,"die (Angriffs-)Waffe, das Geschoss",2,,,,,Campus C,65,,,,,,,Top500
templum,"templum, templī","templum, templi",Nomen,n,der Tempel,1,,,,,Campus C,11,,,,,,,Top500
temptare,"temptāre, temptō, temptāvī, temptātum","temptare, tempto, temptavi, temptatum",Verb,,"angreifen; prüfen, versuchen",3,,,,,Campus C,26,,,,,,,
tempus,"tempus, temporis","tempus, temporis",Nomen,n,"die (günstige) Zeit, die Umstände",2,,,,,Campus C,49,,,,,,,Top500
tenebrae,"tenebrae, tenebrārum","tenebrae, tenebrarum",Nomen,f Plural,"die Dunkelheit, die Finsternis",2,,,,,Campus C,26,,,,,,,
tenere,"tenēre, teneō, tenuī, tentum","tenere, teneo, tenui, tentum",Verb,,"halten, festhalten, besitzen; beherrschen",4,,,,,Campus C,4,,,,,,,Top500
tergum,"tergum, tergī","tergum, tergi",Nomen,n,der Rücken,1,,,,,Campus C,54,,,,,,,
terra,"terra, terrae","terra, terrae",Nomen,f,"die Erde, das Land",2,,,,,Campus C,21,,,,,,,Top500
terrere,"terrēre, terreō, terruī, territum","terrere, terreo, terrui, territum",Verb,,erschrecken,1,,,,,Campus C,5;47,,,,,,,
tertius,"tertius, a, um","tertius, a, um",Adjektiv,,"der (die, das) dritte",2,,,,,Campus C,27,,,,,,,Top500
Thebae,"Thēbae, Thēbārum","Thebae, Thebarum",Nomen,f Plural,Theben (Stadt in Griechenland),1,,,,,Campus C,59,,,,,,,
thermae,"thermae, thermārum","thermae, thermarum",Nomen,f Plural,"die warmen Bäder, die Thermen",2,,,,,Campus C,19,,,,,,,
tibi,tibi,tibi,Pronomen,Dativ,dir,1,,,,,Campus C,13,,,,,,,
timere,"timēre, timeō, timuī","timere, timeo, timui",Verb,,"fürchten, Angst haben",2,,,,,Campus C,2,,,,,,,Top500
timor,"timor, timōris","timor, timoris",Nomen,m,"die Angst, die Furcht",2,,,,,Campus C,25,,,,,,,
toga,"toga, togae","toga, togae",Nomen,,die Toga,1,,,,,Campus C,7,,,,,,,
torquere,"torquēre, torqueō, torsī, tortum","torquere, torqueo, torsi, tortum",Verb,,drehen; quälen,2,,,,,Campus C,5;27;50,,,,,,,
totus,"tōtus, a, um","totus, a, um",Adjektiv,"Genitiv tōtīus, Dativ tōtī","ganz, gesamt",2,,,,,Campus C,40,,,,,,,Top500
tradere,"trādere, trādō, trādidī, trāditum","tradere, trado, tradidi, traditum",Verb,,"übergeben, überliefern",2,,,,,Campus C,59,,,,,,,Top500
trahere,"trahere, trahō, trāxī, tractum","trahere, traho, traxi, tractum",Verb,,"schleppen, ziehen",2,,,,,Campus C,16;28;54,,,,,,,Top500
trans,trāns (m. Akk.),trans (m. Akk.),Präposition,Präp. m. Akk.,"über (... hinaus), jenseits (von)",2,,,,,Campus C,43,,,,,,,
transire,"trānsīre, trānseō, trānsiī, transitum","transire, transeo, transii, transitum",,,"durchqueren, hinübergehen, überschreiten",3,,,,,Campus C,44,,,,,,,Top500
tres,"trēs, trēs, tria","tres, tres, tria",Adjektiv,,drei,1,,,,,Campus C,33,,,,,,,Top500
tribuere,"tribuere, tribuō, tribuī, tribūtum","tribuere, tribuo, tribui, tributum",Verb,,"schenken, zuteilen",2,,,,,Campus C,50;57,,,,,,,
tribunus,"tribūnus, tribūnī","tribunus, tribuni",Nomen,m,der Tribun,1,"Führender Vertreter eines Stadtbezirks, einer Legion oder der Plebs",,,,Campus C,37,,,,,,,
triginta,trīgintā,triginta,,indekl.,dreißig,1,,,,,Campus C,51,,,,,,,
tristis,"trīstis, trīstis, trīste","tristis, tristis, triste",Adjektiv,,"traurig, unfreundlich",2,,,,,Campus C,33,,,,,,,
Troianus,"Trōiānus, a, um","Troianus, a, um",Adjektiv,,"trojanisch; Subst. der Trojaner, der Einwohner von Troja",3,,,,,Campus C,29,,,,,,,
tu,tū,tu,Pronomen,Nom.,du,1,Betont,,,,Campus C,13,,,,,,,Top500
tum,tum,tum,Adverb,Adv.,"da, dann, darauf, damals",4,,,,,Campus C,4,,,,,,,Top500
tunica,"tunica, tunicae","tunica, tunicae",Nomen,,die Tunika,1,,,,,Campus C,7,,,,,,,
turba,"turba, turbae","turba, turbae",Nomen,f,die (Menschen-)Menge,1,,,,,Campus C,7,,,,,,,
turbare,"turbāre, turbō, turbāvī, turbātum","turbare, turbo, turbavi, turbatum",Verb,,"durcheinanderbringen, stören",2,,,,,Campus C,64,,,,,,,
Turnus,"Turnus, Turnī","Turnus, Turni",Nomen,,Turnus,1,"Anführer der Rutuler, Gegner des Äneas",,,,Campus C,31,,,,,,,
turpis,"turpis, turpis, turpe","turpis, turpis, turpe",Adjektiv,,"unanständig, hässlich, schändlich",3,,,,,Campus C,33,,,,,,,
turris,"turris, turris","turris, turris",Nomen,"f (Akk. Sg. -im, Abl. Sg. -ī, Genitiv Plural -ium)",der Turm,1,,,,,Campus C,51,,,,,,,
tutus,"tūtus, a, um","tutus, a, um",Adjektiv,,sicher,1,,,,,Campus C,35,,,,,,,Top500
tuus,"tuus, a, um","tuus, a, um",Adjektiv,,dein,1,,,,,Campus C,14,,,,,,,Top500
ubi,ubī?,ubi?,Adverb,,wo?,1,,,,,Campus C,8,,,,,,,Top500
ubi (primum),ubi (primum),ubi (primum),Subjunktion,Subj. m. Ind.,sobald,1,,,,,Campus C,61,,,,,,,Top500
ubi primum,ubi primum,ubi primum,Subjunktion,Subj. m. Ind.,sobald,1,,,,,Campus C,61,,,,,,,Top500
ubi?,ubī?,ubi?,,,wo?,1,,,,,Campus C,8,,,,,,,Top500
umbra,"umbra, umbrae","umbra, umbrae",Nomen,f,der Schatten,1,,,,,Campus C,12,,,,,,,
umerus,"umerus, umerī","umerus, umeri",Nomen,m,"der Oberarm, die Schulter",2,,,,,Campus C,62,,,,,,,
umquam,umquam,umquam,Adverb,Adv.,jemals,1,,,,,Campus C,62,,,,,,,
unda,"unda, undae","unda, undae",Nomen,f,"die Welle, das Gewässer",2,,,,,Campus C,55,,,,,,,
unde,unde?,unde?,Adverb,,woher?,1,,,,,Campus C,10,,,,,,,Top500
unde?,unde?,unde?,,,woher?,1,,,,,Campus C,10,,,,,,,Top500
undique,undique,undique,Adverb,Adv.,"von allen Seiten, von überallher",2,,,,,Campus C,48,,,,,,,
unus,"ūnus, a, um","unus, a, um",Adjektiv,,"einer, ein einziger",2,,,,,Campus C,33,,,,,,,Top500
unus e / ex,ūnus ē / ex,unus e / ex,,m. Abl.,einer von,1,,,,,Campus C,33,,,,,,,Top500
urbs,"urbs, urbis","urbs, urbis",Nomen,f (Genitiv Plural urbium),die Stadt; die Stadt Rom,2,,,,,Campus C,22,,,,,,,Top500
usque,ūsque,usque,Adverb,Adv.,ohne Unterbrechung,1,,,,,Campus C,44;66,,,,,,,
usque ad,ūsque ad,usque ad,,m. Akk.,bis (zu),1,,,,,Campus C,44;66,,,,,,,
usqueTODO,ūsqueTODO,usqueTODO,Adverb,Adv.,ohne Unterbrechung; ad m. Akk. bis (zu),2,,,,,Campus C,44;66,,,,,,,
usui esse,ūsuī esse,usui esse,,,"von Nutzen sein, nützlich sein",2,,,,,Campus C,52,,,,,,,
usus,"ūsus, ūsūs","usus, usus",Nomen,m,"der Nutzen, die Benutzung",2,,,,,Campus C,52,,,,,,,Top500
ut,ut,ut,Adverb,,wie,1,,,,,Campus C,10,,,,,,,Top500
ut (Adv.),ut (Adv.),ut (Adv.),Adverb,Adv.,wie,1,,,,,Campus C,10,,,,,,,Top500
ut (Subj.),ut (Subj.),ut (Subj.),Subjunktion,Subj. m. Konj.,"dass, sodass; damit, um zu m. Inf.",4,,,,,Campus C,45;59,,,,,,,Top500
utilis,"ūtilis, ūtilis, ūtile","utilis, utilis, utile",,,nützlich,1,,,,,Campus C,68,,,,,,,
utrum ... an,utrum ... an,utrum ... an,Nomen,Wahlfrage im Hauptsatz,...oder,1,,,,,Campus C,66,,,,,,,
uxor,"uxor, uxōris","uxor, uxoris",Nomen,f,die Ehefrau,1,,,,,Campus C,18,,,,,,,Top500
vale! valete!,valē! valēte!,vale! valete!,Verb,Imperativ,Leb wohl! Lebt wohl!,1,,,,,Campus C,7,,,,,,,
valere,"valēre, valeō, valuī","valere, valeo, valui",Verb,,"gesund sein, stark sein, Einfluss haben",3,,,,,Campus C,7,,,,,,,Top500
varius,"varius, a, um","varius, a, um",Adjektiv,,"bunt, verschieden, vielfältig",3,,,,,Campus C,21,,,,,,,
vehemens,"vehemēns, vehementis","vehemens, vehementis",,,"energisch, heftig",2,,,,,Campus C,55,,,,,,,
vel,vel,vel,Subjunktion,,oder,1,,,,,Campus C,22,,,,,,,Top500
velle,"velle, volō, voluī","velle, volo, volui",Verb,,wollen,1,,,,,Campus C,19;25,,,,,,,Top500
vendere,"vendere, vendō, vendidī, venditum","vendere, vendo, vendidi, venditum",Verb,,verkaufen,1,,,,,Campus C,18;70,,,,,,,
venia,"venia, veniae","venia, veniae",Nomen,f,"der Gefallen; die Nachsicht, die Verzeihung",3,,,,,Campus C,31,,,,,,,
venire,"venīre, veniō, vēnī, ventum","venire, venio, veni, ventum",Verb,,kommen,1,,,,,Campus C,10;27;48,,,,,,,Top500
ventum est,ventum est,ventum est,,,man kam,1,,,,,Campus C,48,,,,,,,
ventus,"ventus, ventī","ventus, venti",Nomen,m,der Wind,1,,,,,Campus C,6,,,,,,,Top500
Venus,"Venus, Veneris","Venus, Veneris",Nomen,f,Venus (griech. Aphrodite; Göttin der Liebe und der Schönheit),2,,,,,Campus C,53,,,,,,,
ver,"vēr, vēris","ver, veris",Nomen,n,der Frühling,1,,,,,Campus C,64,,,,,,,
verbum,"verbum, verbī","verbum, verbi",Nomen,n,"das Wort, die Äußerung",2,,,,,Campus C,11,,,,,,,Top500
vere ineunte,vēre ineunte,vere ineunte,,,zu Beginn des Frühlings,1,,,,,Campus C,64,,,,,,,
vertere,"vertere, vertō, vertī, versum","vertere, verto, verti, versum",Verb,,"drehen, wenden",2,,,,,Campus C,27,,,,,,,
verus,"vērus, a, um","verus, a, um",Adjektiv,,"echt, richtig, wahr",3,,,,,Campus C,59,,,,,,,Top500
vester,"vester, vestra, vestrum","vester, vestra, vestrum",Adjektiv,,euer,1,,,,,Campus C,15,,,,,,,Top500
vestigium,"vestīgium, vestīgiī","vestigium, vestigii",Nomen,,"die Fußsohle, die Spur, die Stelle",3,,,,,Campus C,42,,,,,,,
vestis,"vestis, vestis","vestis, vestis",Nomen,f (Genitiv Plural -ium),"die Kleidung, Pl. die Kleider",2,,,,,Campus C,41,,,,,,,
Vesuvius,"Vesuvius, Vesuviī","Vesuvius, Vesuvii",Nomen,,Vesuv,1,Vulkan in Kampanien,,,,Campus C,16,,,,,,,
vetare,"vetāre, vetō, vetuī, vetitum","vetare, veto, vetui, vetitum",Verb,m. Akk.,verbieten,1,,,,,Campus C,57,,,,,,,
vetus,"vetus, veteris","vetus, veteris",,,alt,1,,,,,Campus C,38,,,,,,,Top500
via,"via, viae","via, viae",Nomen,f,"der Weg, die Straße",2,,,,,Campus C,1,,,,,,,Top500
victor,"victor, victōris","victor, victoris",Nomen,m,der Sieger,1,,,,,Campus C,22,,,,,,,Top500
victoria,"victōria, victōriae","victoria, victoriae",Nomen,f,der Sieg,1,,,,,Campus C,45,,,,,,,Top500
videre,"vidēre, videō, vīdī, vīsum","videre, video, vidi, visum",Verb,,sehen,1,,,,,Campus C,7;27;48,,,,,,,Top500
viginti,vīgintī,viginti,,indekl.,zwanzig,1,,,,,Campus C,19,,,,,,,
villa,"vīlla, vīllae","villa, villae",Nomen,,"das Haus, das Landhaus",2,,,,,Campus C,1,,,,,,,
vincere,"vincere, vincō, vīcī, victum","vincere, vinco, vici, victum",Verb,,"(be)siegen, übertreffen",2,,,,,Campus C,27;48,,,,,,,Top500
vinculum,"vinculum, vinculī","vinculum, vinculi",Nomen,n,"das Band, die Fessel; Pl. das Gefängnis",3,,,,,Campus C,58,,,,,,,
vindicare,"vindicāre, vindicō, vindicāvī, vindicātum","vindicare, vindico, vindicavi, vindicatum",Verb,,"beanspruchen, bestrafen; in m. Akk. vorgehen gegen",3,,,,,Campus C,56,,,,,,,
vinea,"vīnea, vīneae","vinea, vineae",Nomen,,der Weinberg; der Weinstock,2,,,,,Campus C,16,,,,,,,
vinum,"vīnum, vīnī","vinum, vini",Nomen,n,der Wein,1,,,,,Campus C,17,,,,,,,
violare,"violāre, violō, violāvī, violātum","violare, violo, violavi, violatum",Verb,,"verwunden, verletzen, entehren",3,,,,,Campus C,31,,,,,,,
vir,"vir, virī","vir, viri",Nomen,m,der Mann,1,,,,,Campus C,15,,,,,,,Top500
virgo,"virgō, virginis","virgo, virginis",Nomen,f,"das Mädchen, die Jungfrau",2,,,,,Campus C,36,,,,,,,Top500
virtus,"virtūs, virtūtis","virtus, virtutis",Nomen,f,"die Tapferkeit, die Tüchtigkeit, die Leistung; die Tugend",4,,,,,Campus C,22,,,,,,,Top500
vis,vīs,vis,Nomen,"f (Akk. vim, Abl. vī)","die Gewalt, die Kraft, die Menge",3,,,,,Campus C,38,,,,,,,Top500
vita,"vīta, vītae","vita, vitae",Nomen,f,das Leben,1,,,,,Campus C,15,,,,,,,Top500
vitam agere,vītam agere,vitam agere,,,"ein Leben führen, leben",2,,,,,Campus C,36,,,,,,,Top500
vitare,"vītāre, vītō, vītāvī, vītātum","vitare, vito, vitavi, vitatum",Verb,,"meiden, vermeiden",2,,,,,Campus C,55,,,,,,,
vivere,"vīvere, vīvō, vīxī","vivere, vivo, vixi",Verb,,leben,1,,,,,Campus C,30,,,,,,,Top500
vix,vix,vix,Adverb,Adv.,"kaum, (nur) mit Mühe",2,,,,,Campus C,25,,,,,,,
vobis,vōbīs,vobis,Pronomen,Dativ,euch,1,,,,,Campus C,13,,,,,,,
vobiscum,vōbīscum,vobiscum,Pronomen,,mit euch,1,,,,,Campus C,13,,,,,,,
vocare,"vocāre, vocō, vocāvī, vocātum","vocare, voco, vocavi, vocatum",Verb,,"rufen; nennen, benennen",3,,,,,Campus C,8,,,,,,,Top500
volare,"volāre, volō, volāvī, volātum","volare, volo, volavi, volatum",Verb,,"fliegen, eilen",2,,,,,Campus C,55,,,,,,,
voluntas,"voluntās, voluntātis","voluntas, voluntatis",Nomen,f,"der Wille, die Absicht",2,,,,,Campus C,20,,,,,,,
volvere,"volvere, volvō, volvī, volūtum","volvere, volvo, volvi, volutum",Verb,,"rollen, wälzen; überlegen",3,,,,,Campus C,58,,,,,,,
vos,vōs,vos,Pronomen,Nom. / Akk.,ihr / euch,1,,,,,Campus C,13,,,,,,,Top500
vox,"vōx, vōcis","vox, vocis",Nomen,f,"die Stimme, die Äußerung, der Laut",3,,,,,Campus C,25,,,,,,,Top500
Vulcanus,"Vulcānus, Vulcānī","Vulcanus, Vulcani",Nomen,,Vulkan,1,"Griech. Hephaistos; Gott der Feuerﬂamme und der Schmiedekunst, schmiedete Blitze des Jupiter. Seine Schmiede lag unter dem sizilischen Vulkan Ätna.",,,,Campus C,10,,,,,,,
vulnus,"vulnus, vulneris","vulnus, vulneris",Nomen,n,"die Wunde, der (milit.) Verlust",2,,,,,Campus C,49,,,,,,,Top500
vultus,"vultus, vultūs","vultus, vultus",Nomen,m,"das Gesicht, der Gesichtsausdruck; Pl. die Gesichtszüge",3,,,,,Campus C,52,,,,,,,Top500
